-- MySQL dump 10.13  Distrib 8.0.16, for Win64 (x86_64)
--
-- Host: 127.0.0.1    Database: yuehe
-- ------------------------------------------------------
-- Server version	8.0.16

/*!40101 SET @OLD_CHARACTER_SET_CLIENT=@@CHARACTER_SET_CLIENT */;
/*!40101 SET @OLD_CHARACTER_SET_RESULTS=@@CHARACTER_SET_RESULTS */;
/*!40101 SET @OLD_COLLATION_CONNECTION=@@COLLATION_CONNECTION */;
 SET NAMES utf8 ;
/*!40103 SET @OLD_TIME_ZONE=@@TIME_ZONE */;
/*!40103 SET TIME_ZONE='+00:00' */;
/*!40014 SET @OLD_UNIQUE_CHECKS=@@UNIQUE_CHECKS, UNIQUE_CHECKS=0 */;
/*!40014 SET @OLD_FOREIGN_KEY_CHECKS=@@FOREIGN_KEY_CHECKS, FOREIGN_KEY_CHECKS=0 */;
/*!40101 SET @OLD_SQL_MODE=@@SQL_MODE, SQL_MODE='NO_AUTO_VALUE_ON_ZERO' */;
/*!40111 SET @OLD_SQL_NOTES=@@SQL_NOTES, SQL_NOTES=0 */;

--
-- Table structure for table `beautifyskinitem`
--

DROP TABLE IF EXISTS `beautifyskinitem`;
/*!40101 SET @saved_cs_client     = @@character_set_client */;
 SET character_set_client = utf8mb4 ;
CREATE TABLE `beautifyskinitem` (
  `id` varchar(5) NOT NULL,
  `name` varchar(20) DEFAULT NULL,
  `price` bigint(11) DEFAULT NULL,
  `description` varchar(100) DEFAULT NULL,
  PRIMARY KEY (`id`),
  UNIQUE KEY `id_UNIQUE` (`id`)
) ENGINE=InnoDB DEFAULT CHARSET=utf8mb4 COLLATE=utf8mb4_0900_ai_ci COMMENT='美肤项目表';
/*!40101 SET character_set_client = @saved_cs_client */;

--
-- Dumping data for table `beautifyskinitem`
--

LOCK TABLES `beautifyskinitem` WRITE;
/*!40000 ALTER TABLE `beautifyskinitem` DISABLE KEYS */;
INSERT INTO `beautifyskinitem` VALUES ('xm001','表皮斑',4150,'一般是24900 6次，单价算下来为4150'),('xm002','真皮斑',4967,'一般是29800 6次，单价算下来为4967'),('xm003','代谢',4150,'也称作修复，用射频操作'),('xm004','混合斑',4967,'一般是29800 6次，单价算下来为4967，混合斑即为表皮斑+真皮斑'),('xm005','花青素',1000,'花青素属于产品，也可算作美肤项目的一种'),('xm006','水光',2419,'水光的价格应该和表皮斑差不多'),('xm007','线雕',2343,'就是水光'),('xm008','疣',300,'一般是包年，仪器为二氧化碳'),('xm009','点痣',3432,'包年为主，一万之内包干代表3次，2万6次，仪器为二氧化碳'),('xm010','面膜',200,'补水保湿'),('xm011','无针水光',10000,'补水保湿'),('xm012','黄褐斑',4967,'黄褐斑为活性斑建议长期管理'),('xm013','黄褐斑代谢',3300,'黄褐斑代谢建议长期保养'),('xm014','至尊水雕',3300,'有利于细胞活力与色素代谢'),('xm015','黄气',3300,'黄气暗哑，扫黄，黄气，此项目可做日常保养，辅助各类斑的治疗'),('xm016','汗管瘤',19800,'价格因量的多少来定少量19800，中量29800，大量59800不等，仪器为二氧化碳'),('xm017','色素管控体验卡',680,'1次T区扫黄，1次代谢或是水雕'),('xm018','毛孔收细',3300,'也称毛孔净化？待确认'),('xm019','痘印',3300,'痘印，痘坑'),('xm020','色沉',2475,'暂无'),('xm021','脂肪粒',1500,'需要确认是否跟其他项目重叠'),('xm022','脂肪粒体验卡',580,'任意项目都可以有体验卡，一般会比正常的疗程单次费用要低，具体要看项目，建卡时以备注区分'),('xm023','晒斑',1667,'需要商议'),('xm024','680综合体验卡',680,'1次扫黄1次水雕'),('xm025','色素管控',2483,'此卡为综合卡用于客户做完治疗后进行管控，性价比及为高，专为老客定制,色素管控卡（表皮斑，黄褐斑，扫黄，代谢）'),('xm026','老年斑',3980,'1颗'),('xm027','赠送项目',0,'赠送项目可为任意项目，一般为修复或者扫黄，如果客户不需要并不会退款'),('xm028','雀斑',3300,'暂无'),('xm029','纹身',4467,'纹身比较难清除，可以用C6等激光仪器处理'),('xm030','表皮斑体验卡',580,'每年都可能不同'),('xm031','580代谢体验卡',580,'无'),('xm032','380扫黄体验卡',380,'金陵世玺扫黄体验卡'),('xm033','水光体验卡',580,'无'),('xm034','黄褐斑体验卡',680,'无'),('xm035','真皮斑体验卡',680,'无'),('xm036','混合斑体验卡',680,'无'),('xm037','晒斑体验卡',580,'无'),('xm038','角质修复',2483,'又称屏障修复'),('xm039','敏感修复',834,'修复敏感肌肤'),('xm040','黑眼圈',1000,'肤色不均匀'),('xm041','综合卡',5817,'包括各类斑和水光，黑眼圈，水雕等'),('xm042','超声刀',19800,'紧致皮肤'),('xm043','干细胞',5000,'眼部干细胞');
/*!40000 ALTER TABLE `beautifyskinitem` ENABLE KEYS */;
UNLOCK TABLES;

--
-- Table structure for table `client`
--

DROP TABLE IF EXISTS `client`;
/*!40101 SET @saved_cs_client     = @@character_set_client */;
 SET character_set_client = utf8mb4 ;
CREATE TABLE `client` (
  `id` varchar(7) NOT NULL,
  `shop_id` varchar(5) NOT NULL,
  `name` varchar(20) CHARACTER SET gbk COLLATE gbk_bin NOT NULL,
  `age` int(11) DEFAULT NULL,
  `gender` varchar(10) DEFAULT NULL,
  `symptom` varchar(100) DEFAULT NULL,
  PRIMARY KEY (`id`),
  UNIQUE KEY `id_UNIQUE` (`id`),
  KEY `client-shop_idx` (`shop_id`),
  CONSTRAINT `client-shop` FOREIGN KEY (`shop_id`) REFERENCES `cosmeticshop` (`id`)
) ENGINE=InnoDB DEFAULT CHARSET=utf8mb4 COLLATE=utf8mb4_0900_ai_ci COMMENT='客户表';
/*!40101 SET character_set_client = @saved_cs_client */;

--
-- Dumping data for table `client`
--

LOCK TABLES `client` WRITE;
/*!40000 ALTER TABLE `client` DISABLE KEYS */;
INSERT INTO `client` VALUES ('kh00001','mr001','戴棠',27,'f','表皮斑黄气，全身扁平疣'),('kh00002','mr001','邱希玟',50,'f','混合斑'),('kh00003','mr001','于京京',42,'f','黑眼圈（表皮斑）黄气 '),('kh00004','mr001','陆妍洁',54,'f','表皮斑 黄气 黑眼圈'),('kh00005','mr001','王建霞',33,'f','真皮斑+黑眼圈,表皮斑，皮肤底色白，T区毛孔粗'),('kh00006','mr001','施静',46,'f','真皮斑+黑眼圈+黄气+循环代谢'),('kh00007','mr001','官媛媛',43,'f','黄气'),('kh00008','mr006','祝燕',30,'f','雀斑'),('kh00009','mr003','钟悦旻',34,'f','test'),('kh00010','mr004','黄锦燕',38,'f','表皮斑'),('kh00011','mr004','王秀娟',32,'f','修复'),('kh00012','mr004','李燕',36,'f','黄褐斑'),('kh00013','mr004','顾昕怡',28,'f','表皮斑'),('kh00014','mr005','陈晓芳',38,'f','表皮斑'),('kh00015','mr005','樊玉琴',23,'f','扁平疣少量'),('kh00016','mr005','陈建林',65,'f','痣包年'),('kh00017','mr003','司红芳',35,'f','表皮斑，真皮斑，混合斑'),('kh00018','mr002','陆倩慧',43,'f','痘印，毛孔粗大，隐真皮斑，口周痘印'),('kh00019','mr002','郭鸣',45,'f','晒斑，黄气，脂溢性角化'),('kh00020','mr005','徐继英',32,'f','黄褐斑'),('kh00021','mr001','于得水',32,'f','黄褐斑'),('kh00022','mr007','徐春燕',39,'f','黄褐斑，晒斑'),('kh00023','mr007','张海霞',40,'f','黄褐斑晒斑黄气'),('kh00024','mr003','祝燕子',40,'f','黄褐斑'),('kh00025','mr003','钱钟书',32,'m','黄褐斑'),('kh00026','mr003','李祝钟',40,'m','黄褐斑'),('kh00027','mr004','杨晓波',47,'f','表皮斑'),('kh00028','mr009','许小芊',33,'f','表皮斑，黄气'),('kh00029','mr001','火金俐',45,'f','黄褐斑'),('kh00030','mr004','蒋文仙',42,'f','真皮斑'),('kh00031','mr004','何建琴',45,'f','黄褐斑敏感'),('kh00032','mr009','欧慧娟',40,'f','黄褐斑'),('kh00033','mr009','黄晓菲',26,'f','毛孔粗大，真皮斑'),('kh00034','mr009','张文鑫',25,'f','表皮斑'),('kh00035','mr009','张希',60,'f','老年斑'),('kh00036','mr010','张晨琳',27,'f','痘印，痘坑'),('kh00037','mr011','郑轶雄',40,'f','黄褐斑，需要2至3个疗程，红血丝，后期色素巩固'),('kh00038','mr010','寸加春',32,'f','脂肪粒，晒斑'),('kh00039','mr010','吴阳慧',27,'f','痣'),('kh00040','mr010','刘歌',36,'f','汗管瘤，痣，口周晒斑'),('kh00041','mr010','王智涵',27,'f','褐青色痣'),('kh00042','mr010','沈彩娟',41,'f','晒斑，黄褐斑，黄气，脂溢性角纹'),('kh00043','mr012','诸菊花',37,'f','晒斑，老年斑，黄褐斑，两颊有红血丝'),('kh00044','mr012','丁玉娟',38,'f','汗管瘤，面颊红血丝，浅层黄褐斑'),('kh00045','mr012','许慧慧',32,'f','扁平疣，脸，脖子'),('kh00046','mr012','黄晨瑶',32,'f','眼周汗管瘤，疣,T区表皮斑'),('kh00047','mr012','姚玉梅',45,'f','雀斑，底层黄褐斑'),('kh00048','mr011','三姐',40,'f','拓品员工，面部斑+唇线'),('kh00049','mr011','应广丽',23,'f','拓品员工，面部扫黄'),('kh00050','mr012','徐晓锋',41,'f','黄气'),('kh00051','mr012','冯莉',37,'f','真皮斑，表皮斑'),('kh00052','mr012','梁冬园',31,'f','晒斑，老年斑，雀斑，浅层黄褐斑'),('kh00053','mr012','王迎艳',35,'f','雀斑，底层黄褐斑'),('kh00054','mr007','将静霞',40,'f','表皮斑，档案不够详细'),('kh00055','mr007','孙晓红',36,'f','黄气，雀斑样痣，疣'),('kh00056','mr007','沙茹雪',32,'f','雀斑，晒斑，20岁时受伤色脱，左下脸隐藏黄褐斑'),('kh00057','mr007','邱新芳',49,'f','雀斑晒斑黄褐斑老年斑'),('kh00058','mr007','钱海兰',41,'f','雀斑'),('kh00059','mr007','曹式萍',46,'f','晒斑雀斑，面部状况混合型'),('kh00060','mr007','刘芳',40,'f','汗管瘤'),('kh00061','mr007','周红梅',47,'f','黄褐斑3-4疗程，黄气1-2疗程，褐青色痣2-3疗程，2017.10.22全脸黄气一次铺垫了1万多-4万多的疗程做斑，区分了黄褐斑的模式不同'),('kh00062','mr007','武千秋',30,'f','黄气黄褐斑'),('kh00063','mr007','钱巧玲',40,'f','黄褐斑表皮斑毛卡偏粗，糊涂账，不记得是不是付了2万9，后期需对总账'),('kh00064','mr007','王燕',40,'f','2年前做的新型纹身'),('kh00065','mr007','顾敏',42,'f','汗管瘤，扁平疣'),('kh00066','mr007','吴小芳',54,'f','老年斑'),('kh00067','mr007','伍秀娟',37,'f','晒斑黄褐斑表皮斑少量'),('kh00068','mr007','张小红',44,'f','色素管控'),('kh00069','mr007','张秋红',48,'f','晒斑黄褐斑黄气'),('kh00070','mr013','吴福美',58,'f','黄褐斑表皮斑真皮斑'),('kh00071','mr013','江西',40,'f','黄气黑气皮肤黑，黄褐斑两颊红血丝'),('kh00072','mr002','王建英',52,'f','黄褐斑表皮斑黄气面部底色白'),('kh00073','mr002','李蕊',40,'f','表皮斑1个老年斑黄气'),('kh00074','mr002','曹晶晶',36,'f','真皮斑表皮斑黑眼圈'),('kh00075','mr002','周敏',36,'f','扫黄全脸，美之然老板'),('kh00076','mr002','孙建平',64,'f','老年斑晒斑'),('kh00077','mr002','姚毅勤',40,'f','老年斑晒斑色沉'),('kh00078','mr002','宋静',35,'f','黄褐斑'),('kh00079','mr001','孙晓凤',43,'f','黄褐斑表皮斑潮红'),('kh00080','mr002','彭菲难',45,'f','表皮斑黄褐斑真皮斑黄气皮肤干'),('kh00081','mr002','伏洁',36,'f','表皮斑，底层黄褐斑'),('kh00082','mr002','黄澜',50,'f','角质薄，敏感'),('kh00083','mr002','赵媛',41,'f','晒斑少量，黄褐斑中度，黑眼圈中度，T区黄气中度'),('kh00084','mr002','毛群',36,'f','黑眼圈黄褐斑晒斑痣T区黄气'),('kh00085','mr002','朱晶晶',38,'f','晒斑黄褐斑'),('kh00086','mr002','张发芹',48,'f','真皮斑黄气黄褐斑'),('kh00087','mr002','殷剑波',59,'m','面部老年疣，面部晒斑'),('kh00088','mr002','王镭',40,'f','晒斑雀斑'),('kh00089','mr002','谈晓佳',45,'f','表皮斑真皮斑老年斑肤色白皙'),('kh00090','mr002','刘笑蕾',40,'f','大面积雀斑，颧骨黄褐斑浅层，黑眼圈'),('kh00091','mr002','洪微',65,'f','老年疣，老年斑'),('kh00092','mr002','迟媛媛',41,'f','面部皮肤敏感，红血丝，口周黄气'),('kh00093','mr002','李昱蓉',47,'f','表皮斑晒斑'),('kh00094','mr002','吕云落',40,'f','黄褐斑表皮斑口周换气'),('kh00095','mr002','闵玲',42,'f','黄褐斑黑眼圈痘印毛孔堵塞'),('kh00096','mr002','吴洁',42,'f','屏障修复'),('kh00097','mr002','魏雪梅',43,'f','黑眼圈表皮斑黄气'),('kh00098','mr008','花姐',40,'f','花洋业？ 点疣'),('kh00099','mr008','袁姐',40,'f','袁望？ 晒斑黄褐斑细纹'),('kh00100','mr008','吴琴英',55,'f',' 晒斑黄褐斑老年斑'),('kh00101','mr008','张宜',49,'f','晒斑红血丝'),('kh00102','mr008','周连妹',49,'f','老年斑黄气重片状黄褐斑，晒斑'),('kh00103','mr008','沐之群',26,'f','干性皮肤，雀斑，晒斑'),('kh00104','mr008','黄丽华',26,'f','晒斑，黄褐斑，色素管控'),('kh00105','mr008','陆娟',39,'f','痣，黑头，黄气，少量晒斑，色沉'),('kh00106','mr009','王卉',34,'f','雀斑，底层黄褐斑'),('kh00107','mr009','周峙月',31,'f','皮肤屏障功能弱化'),('kh00108','mr014','徐蓓蕾',39,'f','表皮斑黄褐斑黄气'),('kh00109','mr014','郑晓彬',42,'f','水光'),('kh00110','mr014','付相华',40,'f','超声刀'),('kh00111','mr014','王少春',43,'f','水光'),('kh00112','mr014','赵小丹',41,'f','皮肤干，薄且易敏感'),('kh00113','mr014','赵海丹',41,'f','眼周皱纹，黑眼圈，两颧骨轻微斑，黄气'),('kh00114','mr014','郑晓青',41,'f','黄褐斑，老年斑，黄气，照片用来宣传'),('kh00115','mr014','倪乐洁',39,'f','真皮斑黄褐斑'),('kh00116','mr014','林芝',38,'f','黄气，表皮斑，扁平疣'),('kh00117','mr014','金海红',38,'f','毛孔收细'),('kh00118','mr014','江翠',33,'f','黄气'),('kh00119','mr014','施文敏',33,'f','黄气'),('kh00120','mr014','郑爱丹',33,'f','痘印');
/*!40000 ALTER TABLE `client` ENABLE KEYS */;
UNLOCK TABLES;

--
-- Table structure for table `client_questionare`
--

DROP TABLE IF EXISTS `client_questionare`;
/*!40101 SET @saved_cs_client     = @@character_set_client */;
 SET character_set_client = utf8mb4 ;
CREATE TABLE `client_questionare` (
  `id` bigint(20) NOT NULL,
  `client_id` varchar(7) NOT NULL,
  `usual_beautify_item` varchar(50) DEFAULT NULL,
  `if_alergic_body` varchar(1) DEFAULT NULL,
  `if_alergic_skin` varchar(1) DEFAULT NULL,
  `alergic_source` varchar(50) DEFAULT NULL,
  `medicine_name` varchar(15) DEFAULT NULL,
  `if_healthy` varchar(1) DEFAULT NULL,
  `if_had_medicine` varchar(1) DEFAULT NULL,
  `if_pregnant_or_breast_feeding` varchar(1) DEFAULT NULL,
  `if_used_whitening_product` varchar(1) DEFAULT NULL,
  `if_sun_exposure` varchar(1) DEFAULT NULL,
  `if_sun_protection` varchar(1) DEFAULT NULL,
  `if_sun_burn_recently` varchar(1) DEFAULT NULL,
  `if_scab_body` varchar(1) DEFAULT NULL,
  `eating_situation` varchar(50) DEFAULT NULL,
  `sleep_situation` varchar(50) DEFAULT NULL,
  `digest_situation` varchar(50) DEFAULT NULL,
  `incretion_situation` varchar(50) DEFAULT NULL,
  `practise_situation` varchar(50) DEFAULT NULL,
  `working_env` varchar(50) DEFAULT NULL,
  `common_used_skin_care_products` varchar(45) DEFAULT NULL,
  `practise_methods` varchar(50) DEFAULT NULL,
  PRIMARY KEY (`id`),
  KEY `questionare_client_idx` (`client_id`),
  CONSTRAINT `questionare_client` FOREIGN KEY (`client_id`) REFERENCES `client` (`id`)
) ENGINE=InnoDB DEFAULT CHARSET=utf8mb4 COLLATE=utf8mb4_0900_ai_ci COMMENT='客户皮肤情况问卷调查表';
/*!40101 SET character_set_client = @saved_cs_client */;

--
-- Dumping data for table `client_questionare`
--

LOCK TABLES `client_questionare` WRITE;
/*!40000 ALTER TABLE `client_questionare` DISABLE KEYS */;
INSERT INTO `client_questionare` VALUES (15,'kh00002','黄褐斑','1','1','powder;food','发','0','1','0','1','0',NULL,'0','1','meat','dream','constipation','gynecologyIssue','0','SunExposure','花青素','发'),(16,'kh00001','黄褐斑代谢代谢3','1','1','powder;food','青霉素','1','1','1','1','1','1','1','1','vegetable;meat;fruit;fry','jetleg;dream;late','average;constipation','abnormal;gynecologyIssue','1','computer','花青素','发发发'),(18,'kh00018','黄褐斑,代谢','0','1','accesory;powder;skinCareProduct','青霉素','0','1','0','1','0',NULL,'0','0','vegetable;fruit;fry','jetleg;late','average;constipation','abnormal;gynecologyIssue','0','sunExposure;businessTrip','面膜','跳绳'),(19,'kh00019','黄褐斑,代谢','1','1','powder;skinCareProduct;food;medicine','青霉素','1','1','1','1','1','1','1','1','vegetable;meat','jetleg','average;constipation','gynecologyIssue','1','sunExposure;businessTrip','花青素','羽毛球');
/*!40000 ALTER TABLE `client_questionare` ENABLE KEYS */;
UNLOCK TABLES;

--
-- Table structure for table `cosmeticshop`
--

DROP TABLE IF EXISTS `cosmeticshop`;
/*!40101 SET @saved_cs_client     = @@character_set_client */;
 SET character_set_client = utf8mb4 ;
CREATE TABLE `cosmeticshop` (
  `id` varchar(5) NOT NULL,
  `name` varchar(20) CHARACTER SET gbk COLLATE gbk_bin NOT NULL,
  `owner` varchar(45) NOT NULL,
  `contact_method` varchar(11) DEFAULT NULL,
  `location` varchar(10) DEFAULT NULL,
  `size` varchar(20) DEFAULT NULL,
  `member_number` int(11) DEFAULT NULL,
  `discount` float DEFAULT NULL,
  `shop_premium` float DEFAULT NULL COMMENT '例如肤语港，总业绩超过50万时，需要返还5万给店家',
  `description` varchar(100) DEFAULT NULL,
  PRIMARY KEY (`id`),
  UNIQUE KEY `id_UNIQUE` (`id`)
) ENGINE=InnoDB DEFAULT CHARSET=utf8mb4 COLLATE=utf8mb4_0900_ai_ci COMMENT='美容院表';
/*!40101 SET character_set_client = @saved_cs_client */;

--
-- Dumping data for table `cosmeticshop`
--

LOCK TABLES `cosmeticshop` WRITE;
/*!40000 ALTER TABLE `cosmeticshop` DISABLE KEYS */;
INSERT INTO `cosmeticshop` VALUES ('mr001','熙泉','A女士','11323423333','江苏南京','800平',500,0.4,NULL,'累积总额达50万需要返点5万给店家'),('mr002','美之然','B女士','13232232332','江苏南京','200平',400,0.4,NULL,'早期的店家，算是启蒙店，之前叫肤语港'),('mr003','舒心厅','华星','13234232214','江苏无锡','600',600,0.4,0,'佛系美容院老板，人很善良正直有信仰'),('mr004','柳叶','叶显帧','13634151701','浙江杭州新安江','800',300,0.4,NULL,'柳叶香薰是近20年的老店，客户及团队相对都稳定'),('mr005','至尊丽人','C女士','13243234232','浙江桐乡','1000',1000,0.4,0,'之前钟云根跑的店，店的质量还可以'),('mr006','菲梵','D女士','1232324324','江苏常州','1000',1000,0.5,0,'之前钟鑫开发的店，店老板和悦总关系不错，楼下经营一家服装设计店'),('mr007','真女人','E女士','13402934832','江苏苏州','300',300,0.25,NULL,'2018年之前是0.25，之后是0.5'),('mr008','蕊曼','F女士','1320402348','江苏常州','300',300,0.4,0,'常州新店'),('mr009','金陵世玺','魏老师','233223423','江苏南京','500',500,0.45,0,'新店'),('mr010','臻spa','凡灵','18652723273','江苏苏州园区','300',100,0.4,NULL,'新店'),('mr011','悦和','钟悦旻','13685210893','江苏常州','100',100,1,NULL,'所有直接找悦和做斑的客户，包括朋友或者某些美容院停止合作，但是客户继续服务的情况'),('mr012','拓品','三姐/刘艳芹','18651863616','江苏南京桥北','200',100,0.45,NULL,'从2019年5月7日折扣是0.5折，从8月份起是0.45'),('mr013','青里三号','曹青','13685210232','江苏南京','100',100,0.5,NULL,'朋友店'),('mr014','梵妍','高姐','13685210232','浙江温州乐清','200',200,0.4,NULL,'悦和第一家店，原名水颜坊');
/*!40000 ALTER TABLE `cosmeticshop` ENABLE KEYS */;
UNLOCK TABLES;

--
-- Table structure for table `duty`
--

DROP TABLE IF EXISTS `duty`;
/*!40101 SET @saved_cs_client     = @@character_set_client */;
 SET character_set_client = utf8mb4 ;
CREATE TABLE `duty` (
  `id` varchar(5) NOT NULL,
  `employee_id` varchar(5) NOT NULL,
  `role_id` varchar(5) NOT NULL,
  `welfare` int(11) DEFAULT NULL,
  `description` varchar(100) DEFAULT NULL,
  PRIMARY KEY (`id`),
  KEY `employee-role_idx` (`role_id`),
  KEY `role-employee` (`employee_id`),
  CONSTRAINT `employee-role` FOREIGN KEY (`role_id`) REFERENCES `role` (`id`),
  CONSTRAINT `role-employee` FOREIGN KEY (`employee_id`) REFERENCES `employee` (`id`)
) ENGINE=InnoDB DEFAULT CHARSET=utf8mb4 COLLATE=utf8mb4_0900_ai_ci COMMENT='职责分工表';
/*!40101 SET character_set_client = @saved_cs_client */;

--
-- Dumping data for table `duty`
--

LOCK TABLES `duty` WRITE;
/*!40000 ALTER TABLE `duty` DISABLE KEYS */;
INSERT INTO `duty` VALUES ('zz001','yg001','js001',100,'悦总为公司创始人'),('zz002','yg001','js003',1000,'悦总同时也是公司销售专家'),('zz003','yg002','js002',100,'陈康健为公司合伙人'),('zz004','yg002','js003',100,'陈康健为公司销售专家'),('zz005','yg002','js007',2000,'陈康健为公司司机'),('zz006','yg003','js002',100,'石小兰为公司合伙人'),('zz007','yg003','js004',100,'石小兰为公司医生，操作人'),('zz008','yg004','js002',100,'李明亚为公司合伙人'),('zz009','yg004','js004',100,'李明亚为公司医生，操作人'),('zz010','yg005','js005',100,'钟翼翔为公司财务'),('zz011','yg005','js006',100,'钟翼翔为公司技术'),('zz012','yg005','js007',300,'测试数据'),('zz013','yg001','js007',1000,'分两条线走，悦总为司机'),('zz014','yg003','js003',0,''),('zz015','yg006','js004',0,'之前的操作医生，已离职'),('zz016','yg007','js004',0,'之前的操作医生，已离职'),('zz017','yg008','js004',0,'之前的操作医生，已离职'),('zz018','yg010','js004',0,'之前外聘的医生，临时帮忙的'),('zz019','yg011','js003',0,'之前的销售专家');
/*!40000 ALTER TABLE `duty` ENABLE KEYS */;
UNLOCK TABLES;

--
-- Table structure for table `employee`
--

DROP TABLE IF EXISTS `employee`;
/*!40101 SET @saved_cs_client     = @@character_set_client */;
 SET character_set_client = utf8mb4 ;
CREATE TABLE `employee` (
  `id` varchar(5) NOT NULL,
  `name` varchar(20) CHARACTER SET gbk COLLATE gbk_bin DEFAULT NULL,
  `salary` int(11) DEFAULT NULL,
  `birthday` varchar(11) DEFAULT NULL,
  `resigned` varchar(1) DEFAULT NULL,
  `description` varchar(100) DEFAULT NULL,
  PRIMARY KEY (`id`)
) ENGINE=InnoDB DEFAULT CHARSET=utf8mb4 COLLATE=utf8mb4_0900_ai_ci COMMENT='员工表';
/*!40101 SET character_set_client = @saved_cs_client */;

--
-- Dumping data for table `employee`
--

LOCK TABLES `employee` WRITE;
/*!40000 ALTER TABLE `employee` DISABLE KEYS */;
INSERT INTO `employee` VALUES ('yg001','钟悦旻',10000,'1983-11-14','n','悦和创始人'),('yg002','陈康健',10000,'1981-01-01','n','悦和合伙人'),('yg003','石小兰',10000,'1987-01-01','n','悦和合伙人'),('yg004','李明亚',10000,'1990-01-01','n','悦和合伙人'),('yg005','钟翼翔',3500,'1986-06-18','n','悦和打工仔'),('yg006','钟鑫',4000,'1990-01-01','y','悦和之前的操作人，医生'),('yg007','曾文',4000,'1986-04-01','y','悦和之前的操作人，医生'),('yg008','张波',3500,'1990-01-01','y','悦和之前的销售'),('yg009','祝燕',3000,'1988-02-16','y','悦和之前的助理'),('yg010','王诗萍',8000,'1990-09-03','y','之前请的兼职医生'),('yg011','许艳丽',10000,'1983-09-03','y','之前的销售专家');
/*!40000 ALTER TABLE `employee` ENABLE KEYS */;
UNLOCK TABLES;

--
-- Table structure for table `hibernate_sequence`
--

DROP TABLE IF EXISTS `hibernate_sequence`;
/*!40101 SET @saved_cs_client     = @@character_set_client */;
 SET character_set_client = utf8mb4 ;
CREATE TABLE `hibernate_sequence` (
  `next_val` bigint(20) DEFAULT NULL
) ENGINE=MyISAM DEFAULT CHARSET=utf8mb4 COLLATE=utf8mb4_0900_ai_ci;
/*!40101 SET character_set_client = @saved_cs_client */;

--
-- Dumping data for table `hibernate_sequence`
--

LOCK TABLES `hibernate_sequence` WRITE;
/*!40000 ALTER TABLE `hibernate_sequence` DISABLE KEYS */;
INSERT INTO `hibernate_sequence` VALUES (27);
/*!40000 ALTER TABLE `hibernate_sequence` ENABLE KEYS */;
UNLOCK TABLES;

--
-- Table structure for table `operation`
--

DROP TABLE IF EXISTS `operation`;
/*!40101 SET @saved_cs_client     = @@character_set_client */;
 SET character_set_client = utf8mb4 ;
CREATE TABLE `operation` (
  `id` varchar(8) NOT NULL,
  `sale_id` varchar(7) NOT NULL,
  `operator_id` varchar(5) NOT NULL,
  `tool_id` varchar(5) NOT NULL,
  `operation_date` varchar(20) DEFAULT NULL,
  `description` varchar(100) DEFAULT NULL,
  PRIMARY KEY (`id`),
  UNIQUE KEY `id_UNIQUE` (`id`),
  KEY `operation-sale_idx` (`sale_id`),
  KEY `operation-operator_idx` (`operator_id`),
  KEY `operation-tool_idx` (`tool_id`),
  CONSTRAINT `operation-operator` FOREIGN KEY (`operator_id`) REFERENCES `employee` (`id`),
  CONSTRAINT `operation-sale` FOREIGN KEY (`sale_id`) REFERENCES `sale` (`id`),
  CONSTRAINT `operation-tool` FOREIGN KEY (`tool_id`) REFERENCES `tool` (`id`)
) ENGINE=InnoDB DEFAULT CHARSET=utf8mb4 COLLATE=utf8mb4_0900_ai_ci COMMENT='操作表';
/*!40101 SET character_set_client = @saved_cs_client */;

--
-- Dumping data for table `operation`
--

LOCK TABLES `operation` WRITE;
/*!40000 ALTER TABLE `operation` DISABLE KEYS */;
INSERT INTO `operation` VALUES ('cz000001','xs00001','yg006','gj009','2016-10-25','体验1次'),('cz000002','xs00001','yg006','gj009','2016-11-22',''),('cz000003','xs00001','yg006','gj009','2017-03-05',''),('cz000004','xs00001','yg006','gj002','2017-04-05',''),('cz000005','xs00001','yg006','gj009','2017-05-06','疗程结束'),('cz000006','xs00002','yg001','gj002','2016-10-25','钟悦旻操作'),('cz000007','xs00002','yg001','gj002','2016-11-23','钟悦旻操作'),('cz000008','xs00002','yg006','gj002','2016-12-30','钟鑫操作'),('cz000016','xs00008','yg003','gj002','2017-11-09','体验的一次'),('cz000020','xs00008','yg004','gj002','2017-12-17',''),('cz000022','xs00008','yg003','gj001','2018-01-18',''),('cz000024','xs00009','yg004','gj002','2017-12-17','黑眼圈'),('cz000025','xs00011','yg004','gj001','2018-04-20',''),('cz000027','xs00008','yg004','gj002','2018-03-22',''),('cz000029','xs00015','yg003','gj004','2019-08-15','ggyg'),('cz000030','xs00035','yg004','gj001','2018-10-19','体验'),('cz000031','xs00035','yg004','gj001','2018-11-30',''),('cz000032','xs00035','yg004','gj007','2019-01-10','黄褐斑为活性斑建议长期管理'),('cz000033','xs00035','yg004','gj007','2019-03-08','无'),('cz000034','xs00035','yg004','gj007','2019-04-17','无'),('cz000035','xs00035','yg004','gj001','2019-05-24','无'),('cz000036','xs00036','yg004','gj008','2019-05-24','包括体验卡的一次'),('cz000037','xs00037','yg004','gj001','2019-06-28','5月份活动色素管控体验卡赠送'),('cz000038','xs00014','yg006','gj009','2016-10-25','体验1次'),('cz000039','xs00014','yg006','gj009','2017-05-05','此混合斑（包括表皮斑黑眼圈黄气）'),('cz000040','xs00270','yg006','gj009','2017-05-05','此混合斑（包括表皮斑黑眼圈黄气）'),('cz000041','xs00270','yg006','gj009','2017-06-08','此混合斑（包括表皮斑黑眼圈黄气）'),('cz000042','xs00014','yg006','gj009','2017-06-08',''),('cz000043','xs00040','yg006','gj002','2017-03-26','无'),('cz000044','xs00040','yg006','gj002','2017-04-23','无'),('cz000045','xs00042','yg006','gj002','2017-04-23','此卡为开真皮斑混合斑赠送'),('cz000046','xs00042','yg006','gj002','2017-05-30','背部扫黄为赠送项目'),('cz000047','xs00042','yg006','gj002','2017-06-17','背部扫黄为赠送项目'),('cz000048','xs00040','yg006','gj002','2017-06-17','此真皮斑在档案上标为混合斑'),('cz000049','xs00040','yg006','gj002','2017-08-25','此真皮斑在档案上标为混合斑'),('cz000050','xs00040','yg006','gj002','2017-09-24','此真皮斑在档案上标为混合斑'),('cz000051','xs00040','yg006','gj002','2017-10-29','此真皮斑在档案上标为混合斑'),('cz000052','xs00040','yg006','gj002','2018-05-20','18年3月份有送1次代谢不算耗卡'),('cz000053','xs00040','yg004','gj001','2018-10-13','此真皮斑在档案上标为混合斑'),('cz000054','xs00040','yg004','gj001','2018-11-18','此真皮斑在档案上标为混合斑'),('cz000055','xs00040','yg004','gj001','2018-12-15','此真皮斑在档案上标为混合斑'),('cz000056','xs00040','yg004','gj001','2019-04-13','同时还送了一次水雕'),('cz000057','xs00040','yg003','gj001','2019-05-11','此卡已做完'),('cz000058','xs00043','yg004','gj007','2019-01-18','此方案效果为角质层修复为正常，黄褐斑淡化6-8成，具体进度要根据客人补水防晒配合来决定'),('cz000059','xs00043','yg003','gj001','2019-03-19','此次做的斑'),('cz000060','xs00043','yg003','gj008','2019-04-13','修复换为水雕体验'),('cz000061','xs00043','yg003','gj001','2019-06-09','无'),('cz000062','xs00043','yg003','gj001','2019-07-12','无'),('cz000063','xs00043','yg003','gj001','2019-08-10','建议长期补水'),('cz000064','xs00005','yg004','gj001','2018-10-12','李老师指导严老师操作的'),('cz000065','xs00005','yg004','gj001','2018-11-24','李老师指导严老师操作的'),('cz000066','xs00005','yg004','gj001','2008-12-14','李老师指导严老师操作的'),('cz000067','xs00005','yg004','gj001','2019-01-19','无'),('cz000068','xs00016','yg006','gj001','2018-03-24','5次卡里包含了1次体验卡里的'),('cz000069','xs00016','yg006','gj001','2018-04-08','无'),('cz000070','xs00016','yg006','gj001','2018-05-19','无'),('cz000071','xs00016','yg004','gj001','2018-06-28','无'),('cz000072','xs00016','yg004','gj001','2018-09-02','无'),('cz000073','xs00016','yg003','gj008','2019-08-10','4月份活动680卡店里项目换'),('cz000074','xs00033','yg003','gj001','2019-08-11','皮肤肤色白，底层有'),('cz000075','xs00033','yg003','gj001','2019-08-11','皮肤肤色白，从未做过仪器保养，两颧部有黄褐斑'),('cz000076','xs00047','yg004','gj001','2019-07-17','代谢体验1次'),('cz000077','xs00047','yg004','gj007','2019-08-16','扫黄换的黄褐斑体验1次'),('cz000078','xs00046','yg004','gj001','2019-08-16','无'),('cz000079','xs00048','yg004','gj001','2019-07-17','无'),('cz000080','xs00049','yg004','gj001','2019-07-17','无'),('cz000081','xs00050','yg003','gj001','2019-03-29','顾客双颊呈红黑色...'),('cz000082','xs00051','yg003','gj001','2019-04-24','顾客口述，20天反黑非常严重...'),('cz000083','xs00051','yg003','gj001','2019-06-19','顾客前两个月反黑严重...'),('cz000084','xs00051','yg003','gj001','2019-07-30','暂无'),('cz000085','xs00050','yg003','gj001','2019-07-14','暂无'),('cz000086','xs00050','yg003','gj001','2019-08-18','暂无'),('cz000087','xs00052','yg003','gj007','2018-11-05','暂无'),('cz000088','xs00052','yg003','gj007','2018-12-11','暂无'),('cz000089','xs00053','yg003','gj001','2019-03-30','体验卡回款需要确认，有可能不是按店折扣点回款'),('cz000090','xs00054','yg003','gj001','2019-03-30','暂无'),('cz000091','xs00054','yg003','gj001','2019-06-19','暂无'),('cz000092','xs00055','yg003','gj005','2019-06-19','没有写操作仪器，暂时写的二氧化碳'),('cz000093','xs00055','yg003','gj005','2019-07-14','剩余次数N代表啥意思'),('cz000094','xs00059','yg003','gj001','2019-03-29','未购卡？那就不要写价格'),('cz000095','xs00056','yg003','gj001','2019-03-29','暂无'),('cz000096','xs00057','yg003','gj001','2019-03-29','暂无'),('cz000097','xs00058','yg003','gj001','2019-03-29','暂无'),('cz000098','xs00056','yg003','gj001','2019-06-04','暂无'),('cz000099','xs00057','yg003','gj001','2019-06-04','暂无'),('cz000100','xs00058','yg003','gj001','2019-06-04','暂无'),('cz000101','xs00060','yg003','gj001','2018-11-24','褐青色痣'),('cz000102','xs00060','yg003','gj001','2019-01-23','褐青色痣'),('cz000103','xs00061','yg003','gj001','2019-03-29','面部疣'),('cz000104','xs00060','yg003','gj005','2019-03-29','褐青色痣'),('cz000105','xs00061','yg003','gj005','2019-04-24','面部疣'),('cz000106','xs00060','yg003','gj005','2019-07-30','褐青色痣'),('cz000107','xs00063','yg003','gj001','2019-03-30','体验扫黄'),('cz000108','xs00062','yg003','gj001','2019-03-30','晒斑+老年斑'),('cz000109','xs00062','yg003','gj001','2019-04-24','c6全面处理表皮斑，c02全面处理角花纹'),('cz000110','xs00062','yg003','gj001','2019-07-14','晒斑+老年斑'),('cz000111','xs00064','yg003','gj001','2019-06-19','综合卡，色素管理跟色素管控不一样'),('cz000112','xs00064','yg003','gj001','2019-07-14','综合卡'),('cz000113','xs00065','yg004','gj001','2019-05-26','无'),('cz000114','xs00065','yg004','gj001','2019-06-29','无'),('cz000115','xs00066','yg004','gj005','2019-06-29','无'),('cz000116','xs00065','yg004','gj001','2019-07-23','无'),('cz000117','xs00065','yg004','gj001','2019-08-26','无'),('cz000118','xs00068','yg004','gj001','2019-04-21','无'),('cz000119','xs00068','yg004','gj001','2019-07-22','无'),('cz000120','xs00070','yg004','gj001','2019-05-27','包干'),('cz000121','xs00072','yg004','gj001','2019-07-23','扫黄做了，水雕呢'),('cz000122','xs00073','yg003','gj001','2019-05-26','6+2？不是一个是6+1的雀斑卡还有是赠送的2次雀斑一次水雕吗'),('cz000123','xs00073','yg003','gj001','2019-06-29','无'),('cz000124','xs00073','yg003','gj001','2019-07-23','无'),('cz000125','xs00076','yg004','gj001','2019-06-29','面部斑+唇线'),('cz000126','xs00077','yg004','gj001','2019-06-29','面部扫黄'),('cz000127','xs00079','yg003','gj001','2019-05-26','T区黄气'),('cz000128','xs00079','yg003','gj004','2019-08-25','润白水雕'),('cz000129','xs00078','yg003','gj001','2019-07-22','无'),('cz000130','xs00078','yg003','gj001','2019-07-22','无'),('cz000131','xs00079','yg003','gj001','2019-07-22','修复'),('cz000132','xs00080','yg004','gj001','2019-07-23','其实为真皮斑+表皮斑，每次一起操作？'),('cz000133','xs00081','yg004','gj004','2019-08-25','代谢之前为水雕换的3次代谢'),('cz000134','xs00080','yg004','gj001','2019-08-25','真皮斑+表皮斑'),('cz000135','xs00085','yg004','gj001','2019-04-21','体验扫黄-680卡'),('cz000136','xs00082','yg004','gj001','2019-04-21','无'),('cz000137','xs00082','yg004','gj001','2019-05-26','无'),('cz000138','xs00082','yg004','gj001','2019-07-26','无'),('cz000139','xs00082','yg004','gj001','2019-08-25','无'),('cz000140','xs00085','yg004','gj004','2019-08-25','体验水雕-680卡'),('cz000141','xs00082','yg004','gj001','2019-08-26','无'),('cz000142','xs00086','yg004','gj001','2019-06-29','表皮斑还是雀斑'),('cz000143','xs00086','yg004','gj001','2019-08-26','无'),('cz000144','xs00087','yg003','gj001','2019-07-31','是否有操作过'),('cz000145','xs00089','yg004','gj001','2019-04-11','黄气'),('cz000146','xs00088','yg003','gj001','2019-04-23','无'),('cz000147','xs00088','yg004','gj001','2019-05-14',''),('cz000148','xs00088','yg004','gj001','2019-06-04',''),('cz000149','xs00088','yg003','gj001','2019-08-19',''),('cz000150','xs00091','yg003','gj001','2019-08-16',''),('cz000151','xs00092','yg003','gj001','2019-08-16','T区扫黄'),('cz000152','xs00093','yg004','gj001','2019-04-10',''),('cz000153','xs00093','yg003','gj001','2018-06-12',''),('cz000154','xs00093','yg003','gj001','2018-09-25',''),('cz000155','xs00093','yg003','gj001','2019-03-24',''),('cz000156','xs00093','yg003','gj001','2019-05-26','这个应该是为达到承诺后赠送的操作吧'),('cz000157','xs00094','yg004','gj001','2018-04-11','其实为雀斑晒斑老年斑等'),('cz000158','xs00094','yg004','gj001','2018-05-14',''),('cz000159','xs00094','yg004','gj001','2018-06-12',''),('cz000160','xs00094','yg004','gj001','2018-08-19','此次为免费售后，不计算次数'),('cz000161','xs00094','yg004','gj001','2018-09-25','表皮斑，色沉'),('cz000162','xs00094','yg004','gj001','2018-11-11','色沉'),('cz000163','xs00094','yg004','gj001','2018-12-30','免费售后'),('cz000164','xs00094','yg004','gj001','2019-05-16','疗程结束'),('cz000165','xs00095','yg003','gj001','2019-03-24',''),('cz000166','xs00095','yg004','gj001','2019-05-16',''),('cz000167','xs00095','yg004','gj001','2019-06-16',''),('cz000168','xs00095','yg004','gj001','2019-07-31','疗程结束'),('cz000169','xs00096','yg004','gj001','2017-10-20',''),('cz000170','xs00096','yg004','gj001','2017-11-24',''),('cz000171','xs00096','yg004','gj001','2017-12-28','疗程结束'),('cz000172','xs00097','yg003','gj001','2018-04-24',''),('cz000173','xs00097','yg003','gj001','2018-05-14',''),('cz000174','xs00097','yg003','gj001','2018-06-13',''),('cz000175','xs00097','yg004','gj001','2018-08-19',''),('cz000176','xs00097','yg003','gj001','2019-03-24','免费售后'),('cz000177','xs00097','yg003','gj001','2019-01-01','免费售后'),('cz000178','xs00098','yg003','gj001','2017-11-24',''),('cz000179','xs00098','yg004','gj001','2018-04-23',''),('cz000180','xs00099','yg003','gj001','2018-04-11',''),('cz000181','xs00099','yg006','gj001','2018-05-14',''),('cz000182','xs00099','yg006','gj001','2018-06-12',''),('cz000183','xs00099','yg003','gj001','2018-09-25',''),('cz000184','xs00099','yg003','gj001','2018-11-11',''),('cz000185','xs00099','yg003','gj001','2019-05-16',''),('cz000186','xs00099','yg004','gj001','2019-06-15','疗程结束'),('cz000187','xs00100','yg006','gj001','2017-10-21',''),('cz000188','xs00100','yg006','gj001','2017-11-23',''),('cz000189','xs00100','yg006','gj001','2017-12-28',''),('cz000190','xs00100','yg006','gj001','2018-04-10',''),('cz000191','xs00100','yg006','gj001','2018-05-14','这个客户的操作到此为止，比较乱'),('cz000192','xs00101','yg006','gj001','2017-10-20',''),('cz000193','xs00101','yg006','gj001','2017-11-24',''),('cz000194','xs00102','yg006','gj001','2017-11-24','脖子扫黄'),('cz000195','xs00102','yg006','gj001','2017-12-28','脖子扫黄'),('cz000196','xs00101','yg006','gj001','2017-12-28',''),('cz000197','xs00102','yg006','gj001','2018-03-11','脖子扫黄'),('cz000198','xs00101','yg006','gj001','2018-03-11',''),('cz000199','xs00102','yg006','gj001','2018-04-10',''),('cz000200','xs00101','yg006','gj001','2018-05-14',''),('cz000201','xs00101','yg006','gj001','2018-06-13','纹身的疗程结束'),('cz000202','xs00103','yg006','gj001','2018-06-13','脖子扫黄续卡'),('cz000203','xs00103','yg003','gj001','2018-07-12',''),('cz000204','xs00103','yg003','gj001','2018-09-25',''),('cz000205','xs00103','yg003','gj001','2018-11-11',''),('cz000206','xs00103','yg003','gj001','2019-06-16',''),('cz000207','xs00104','yg003','gj001','2019-06-16','赠送的手臂'),('cz000208','xs00105','yg003','gj001','2018-08-19','扁平疣，颈部，胸部'),('cz000209','xs00107','yg003','gj001','2018-11-11',''),('cz000210','xs00107','yg003','gj001','2019-03-24',''),('cz000211','xs00109','yg003','gj001','2019-07-31',''),('cz000212','xs00110','yg003','gj001','2019-03-24',''),('cz000213','xs00110','yg003','gj001','2019-05-16',''),('cz000214','xs00110','yg003','gj001','2019-07-31',''),('cz000215','xs00111','yg003','gj001','2019-07-31','包干？'),('cz000216','xs00111','yg003','gj001','2019-08-29',''),('cz000217','xs00113','yg006','gj001','2017-09-12','体验'),('cz000218','xs00112','yg006','gj001','2017-11-12',''),('cz000219','xs00112','yg006','gj001','2018-04-17',''),('cz000220','xs00114','yg006','gj001','2017-02-11',''),('cz000221','xs00114','yg006','gj001','2017-12-13',''),('cz000222','xs00114','yg006','gj001','2018-04-17',''),('cz000223','xs00007','yg004','gj001','2018-04-21',''),('cz000224','xs00028','yg004','gj001','2018-05-24',''),('cz000225','xs00007','yg004','gj001','2018-06-23',''),('cz000226','xs00028','yg004','gj001','2018-07-20',''),('cz000227','xs00007','yg004','gj001','2018-10-28',''),('cz000228','xs00007','yg004','gj001','2019-01-04',''),('cz000229','xs00028','yg004','gj001','2019-03-09',''),('cz000230','xs00007','yg004','gj001','2019-03-09',''),('cz000231','xs00007','yg004','gj001','2019-05-17','表皮斑疗程结束'),('cz000232','xs00115','yg006','gj001','2017-05-11','黄气'),('cz000233','xs00115','yg006','gj001','2017-06-11','黄气'),('cz000234','xs00115','yg006','gj001','2017-07-16','黄气'),('cz000235','xs00115','yg006','gj001','2017-09-13','黄气'),('cz000236','xs00116','yg006','gj001','2017-09-13','黄褐斑'),('cz000237','xs00116','yg006','gj001','2017-11-19','黄褐斑'),('cz000238','xs00116','yg006','gj001','2017-12-16','黄褐斑'),('cz000239','xs00118','yg006','gj001','2017-12-16','黄褐斑'),('cz000240','xs00118','yg006','gj001','2017-12-16','580代谢卡'),('cz000241','xs00117','yg010','gj001','2018-05-25','续卡的6次'),('cz000242','xs00117','yg010','gj001','2018-09-29','续卡的6次'),('cz000243','xs00117','yg010','gj001','2018-10-27','续卡的6次'),('cz000244','xs00117','yg010','gj001','2018-12-07','续卡的6次'),('cz000245','xs00117','yg010','gj001','2019-03-10','续卡的6次'),('cz000246','xs00117','yg010','gj001','2019-04-19','续卡的6次'),('cz000247','xs00121','yg006','gj001','2017-08-05','黄气表皮斑'),('cz000248','xs00121','yg006','gj001','2017-10-18','黄气表皮斑'),('cz000249','xs00121','yg006','gj001','2018-04-20','黄气表皮斑'),('cz000250','xs00121','yg006','gj001','2018-05-25','黄气表皮斑'),('cz000251','xs00122','yg006','gj001','2018-12-08','赠送的代谢'),('cz000252','xs00123','yg006','gj001','2016-10-19','表皮斑混合斑'),('cz000253','xs00123','yg006','gj001','2016-11-19','表皮斑混合斑'),('cz000254','xs00123','yg006','gj001','2016-12-17','表皮斑混合斑'),('cz000255','xs00124','yg006','gj001','2017-04-08','表皮斑'),('cz000256','xs00124','yg006','gj001','2017-07-15','表皮斑'),('cz000257','xs00124','yg006','gj001','2017-09-13','表皮斑'),('cz000258','xs00124','yg006','gj001','2018-01-19','表皮斑'),('cz000259','xs00124','yg006','gj001','2018-04-20','表皮斑'),('cz000260','xs00124','yg006','gj001','2018-06-29','表皮斑'),('cz000261','xs00125','yg006','gj001','2018-05-26','代谢体验'),('cz000262','xs00125','yg006','gj001','2018-07-20','代谢'),('cz000263','xs00125','yg006','gj001','2018-10-28','代谢'),('cz000264','xs00125','yg006','gj001','2018-12-07','代谢'),('cz000265','xs00125','yg006','gj001','2019-03-09','代谢'),('cz000266','xs00125','yg006','gj001','2019-04-19','代谢'),('cz000267','xs00125','yg006','gj001','2019-06-05','代谢'),('cz000268','xs00127','yg003','gj001','2019-07-18','体验'),('cz000270','xs00126','yg003','gj001','2019-08-23',''),('cz000271','xs00129','yg004','gj001','2019-03-10','扫黄代谢'),('cz000272','xs00129','yg004','gj001','2019-04-19','扫黄代谢'),('cz000273','xs00129','yg004','gj001','2019-05-07','扫黄代谢'),('cz000274','xs00129','yg004','gj001','2019-07-19','扫黄代谢'),('cz000275','xs00130','yg004','gj001','2019-07-19','水雕体验'),('cz000276','xs00131','yg003','gj001','2018-05-26',''),('cz000277','xs00133','yg003','gj001','2018-09-29',''),('cz000278','xs00136','yg003','gj001','2018-12-07',''),('cz000279','xs00136','yg003','gj001','2019-03-10',''),('cz000280','xs00133','yg003','gj001','2019-03-10',''),('cz000281','xs00132','yg003','gj001','2019-04-20','晒斑即为表皮斑'),('cz000282','xs00132','yg003','gj001','2019-06-28','晒斑即为表皮斑'),('cz000283','xs00132','yg003','gj001','2019-08-22','晒斑即为表皮斑'),('cz000284','xs00133','yg003','gj001','2019-04-20',''),('cz000285','xs00133','yg003','gj001','2019-06-28',''),('cz000286','xs00133','yg003','gj001','2019-08-20',''),('cz000287','xs00134','yg003','gj001','2019-06-28','包干'),('cz000288','xs00138','yg003','gj001','2019-08-23','这是6次里的1次吗？待确认'),('cz000289','xs00139','yg003','gj001','2019-08-23','销售卡未写'),('cz000290','xs00140','yg003','gj001','2019-06-06',''),('cz000291','xs00140','yg003','gj001','2019-07-20',''),('cz000292','xs00142','yg003','gj001','2019-05-23','店家赠送的T区代谢'),('cz000293','xs00143','yg006','gj001','2016-09-24','操作表显示第一次未扣卡，是否赠送了1次体验，待确认'),('cz000294','xs00144','yg006','gj001','2016-09-24','操作表显示第一次未扣卡，是否赠送了1次体验，待确认'),('cz000295','xs00144','yg006','gj001','2016-10-22','操作表显示第一次未扣卡，是否赠送了1次体验，待确认'),('cz000296','xs00143','yg006','gj001','2016-10-22','操作表显示第一次未扣卡，是否赠送了1次体验，待确认'),('cz000297','xs00143','yg006','gj001','2016-11-18','操作表显示第一次未扣卡，是否赠送了1次体验，待确认'),('cz000298','xs00143','yg006','gj001','2016-12-27','操作表显示第一次未扣卡，是否赠送了1次体验，待确认'),('cz000299','xs00144','yg006','gj001','2016-12-27','操作表显示第一次未扣卡，是否赠送了1次体验，待确认'),('cz000300','xs00144','yg006','gj001','2017-03-04',''),('cz000301','xs00143','yg006','gj001','2017-03-04',''),('cz000302','xs00146','yg006','gj001','2017-03-04',''),('cz000303','xs00146','yg006','gj001','2017-04-07',''),('cz000304','xs00145','yg006','gj001','2017-04-07',''),('cz000305','xs00148','yg006','gj001','2017-04-07',''),('cz000306','xs00148','yg006','gj001','2017-09-13',''),('cz000307','xs00145','yg006','gj001','2017-09-13',''),('cz000308','xs00146','yg006','gj001','2017-09-13',''),('cz000309','xs00146','yg006','gj001','2018-01-20',''),('cz000310','xs00145','yg006','gj001','2018-01-20',''),('cz000311','xs00148','yg006','gj001','2018-01-20',''),('cz000312','xs00148','yg006','gj001','2018-04-21',''),('cz000313','xs00145','yg006','gj001','2018-04-21',''),('cz000314','xs00146','yg006','gj001','2018-04-21',''),('cz000315','xs00149','yg006','gj001','2018-05-26','是否是赠送的，待确认'),('cz000316','xs00144','yg006','gj001','2016-11-18','操作表显示第一次未扣卡，是否赠送了1次体验，待确认'),('cz000317','xs00145','yg006','gj001','2018-10-28',''),('cz000318','xs00145','yg006','gj001','2019-04-20',''),('cz000319','xs00146','yg004','gj001','2018-06-24',''),('cz000320','xs00148','yg004','gj001','2018-07-20',''),('cz000321','xs00148','yg004','gj001','2019-03-09',''),('cz000322','xs00147','yg004','gj001','2018-09-29',''),('cz000323','xs00147','yg004','gj001','2019-03-09',''),('cz000324','xs00147','yg004','gj001','2019-04-20',''),('cz000325','xs00147','yg004','gj001','2019-06-05',''),('cz000326','xs00150','yg003','gj001','2019-08-24',''),('cz000327','xs00155','yg004','gj001','2019-01-04','体验1次'),('cz000328','xs00155','yg004','gj001','2019-04-19','正式卡14次'),('cz000329','xs00157','yg003','gj001','2018-12-07','黄气黑眼圈是一起做吗，待确认'),('cz000330','xs00156','yg003','gj001','2018-06-23','黄褐斑和代谢还有晒斑是一起做吗，待确认'),('cz000331','xs00156','yg003','gj001','2018-12-07','黄褐斑代谢晒斑是一起做吗，待确认'),('cz000332','xs00156','yg004','gj001','2019-04-19','黄褐斑代谢晒斑是一起做吗，待确认'),('cz000333','xs00157','yg004','gj001','2019-04-19','黄褐斑代谢晒斑是一起做吗，待确认'),('cz000334','xs00156','yg004','gj001','2019-06-04','黄褐斑代谢晒斑是一起做吗，待确认'),('cz000335','xs00157','yg004','gj001','2019-06-04','黄气黑眼圈是一起做吗，待确认'),('cz000336','xs00158','yg004','gj001','2019-06-04','敏感修复是赠送需要赋予价值吗，待确认'),('cz000337','xs00156','yg004','gj001','2019-07-19','晒斑黄褐斑一起做吗还有T区代谢什么时候开的，待确认'),('cz000338','xs00157','yg004','gj001','2019-07-19','为啥只写黑眼圈难道黄气这次没做吗，待确认'),('cz000339','xs00162','yg003','gj001','2019-07-18','全面扫黄（包黑眼圈）680卡'),('cz000340','xs00160','yg003','gj001','2019-07-18','色素，痣，处理1颗，次数N？待确认'),('cz000341','xs00160','yg003','gj001','2019-08-23','色素，痣，处理1颗，次数N？待确认'),('cz000342','xs00159','yg003','gj001','2019-08-23','黄气黑眼圈是一起做？待确认'),('cz000343','xs00161','yg003','gj001','2019-08-23','黄气黑眼圈是一起做？待确认'),('cz000344','xs00163','yg004','gj001','2019-05-17',''),('cz000345','xs00163','yg004','gj001','2019-07-18',''),('cz000346','xs00163','yg004','gj001','2019-08-23',''),('cz000347','xs00164','yg006','gj001','2016-09-24',''),('cz000348','xs00164','yg006','gj001','2016-10-20',''),('cz000349','xs00164','yg006','gj001','2016-11-20',''),('cz000350','xs00164','yg006','gj001','2016-12-27',''),('cz000351','xs00164','yg006','gj001','2017-03-01',''),('cz000352','xs00165','yg006','gj001','2017-04-07',''),('cz000353','xs00166','yg006','gj001','2017-04-07',''),('cz000354','xs00166','yg006','gj001','2017-05-11',''),('cz000355','xs00165','yg006','gj001','2017-05-11',''),('cz000356','xs00165','yg006','gj001','2017-06-11',''),('cz000357','xs00166','yg006','gj001','2017-06-11',''),('cz000358','xs00166','yg006','gj001','2017-07-16',''),('cz000359','xs00165','yg006','gj001','2017-07-16',''),('cz000360','xs00165','yg006','gj001','2017-07-16','续卡'),('cz000361','xs00167','yg006','gj001','2017-09-13','真皮斑+黄气一起操作'),('cz000362','xs00167','yg006','gj001','2017-10-18','真皮斑+黄气一起操作'),('cz000363','xs00167','yg006','gj001','2018-01-20','真皮斑+黄气一起操作'),('cz000364','xs00167','yg006','gj001','2018-03-22','真皮斑+黄气一起操作'),('cz000365','xs00167','yg006','gj001','2018-05-24','真皮斑+黄气一起操作'),('cz000366','xs00167','yg006','gj001','2018-07-20','真皮斑+黄气一起操作'),('cz000367','xs00168','yg004','gj001','2018-09-29','代谢'),('cz000368','xs00168','yg004','gj001','2018-12-07','代谢'),('cz000369','xs00168','yg004','gj001','2019-03-09','代谢'),('cz000370','xs00168','yg004','gj001','2019-04-19','代谢'),('cz000371','xs00168','yg004','gj001','2019-05-17','代谢'),('cz000372','xs00168','yg004','gj001','2019-07-18','代谢升级为色素管控卡，每次需扣代谢和升级后的色素管控卡'),('cz000373','xs00169','yg004','gj001','2019-07-18','代谢升级为色素管控卡，每次需扣代谢和升级后的色素管控卡'),('cz000374','xs00169','yg004','gj001','2019-08-23','代谢升级为色素管控卡，每次需扣代谢和升级后的色素管控卡'),('cz000375','xs00168','yg004','gj001','2019-08-23','代谢升级为色素管控卡，每次需扣代谢和升级后的色素管控卡'),('cz000376','xs00170','yg004','gj007','2019-08-23','斑+疣体，包干，写几次，待确认'),('cz000377','xs00171','yg004','gj001','2019-08-23','扫黄体验是否赠送，待确认'),('cz000378','xs00174','yg003','gj001','2019-07-20','53L,2mm霜白，告知3天避水，下次观察'),('cz000379','xs00008','yg006','gj001','2018-05-14',''),('cz000380','xs00011','yg003','gj001','2018-06-22',''),('cz000381','xs00011','yg003','gj001','2018-07-20',''),('cz000382','xs00011','yg003','gj001','2018-09-29',''),('cz000383','xs00011','yg003','gj001','2018-10-27','面部代谢'),('cz000384','xs00011','yg003','gj001','2018-10-27','颈部代谢'),('cz000385','xs00008','yg003','gj001','2018-10-27',''),('cz000386','xs00008','yg003','gj001','2018-12-07',''),('cz000387','xs00011','yg003','gj001','2018-12-07','代谢卡结束'),('cz000388','xs00019','yg003','gj001','2019-01-04','代谢卡续卡12次'),('cz000389','xs00008','yg003','gj001','2019-01-04','代谢卡续卡12次'),('cz000390','xs00008','yg003','gj001','2019-03-09',''),('cz000391','xs00019','yg003','gj001','2019-03-09',''),('cz000392','xs00019','yg004','gj001','2019-04-17',''),('cz000393','xs00008','yg004','gj001','2019-04-17',''),('cz000394','xs00008','yg004','gj001','2019-05-25',''),('cz000395','xs00008','yg004','gj001','2019-07-25',''),('cz000396','xs00019','yg004','gj001','2019-07-25',''),('cz000397','xs00176','yg004','gj001','2019-08-23',''),('cz000398','xs00174','yg003','gj001','2019-08-23','53L,2mm霜白，告知3天避水，下次观察'),('cz000399','xs00009','yg006','gj001','2018-01-18',''),('cz000400','xs00177','yg006','gj002','2016-10-21',''),('cz000401','xs00177','yg006','gj002','2016-11-19',''),('cz000402','xs00177','yg006','gj002','2016-12-28',''),('cz000403','xs00177','yg006','gj002','2017-02-03','疗程结束'),('cz000404','xs00178','yg006','gj002','2017-05-11','续卡4次'),('cz000405','xs00178','yg006','gj002','2017-07-15',''),('cz000406','xs00178','yg006','gj002','2017-09-13',''),('cz000407','xs00178','yg006','gj002','2017-10-19','疗程结束'),('cz000408','xs00179','yg006','gj002','2017-10-19','黄褐斑代谢'),('cz000409','xs00179','yg006','gj002','2018-01-19','黄褐斑代谢'),('cz000410','xs00181','yg006','gj002','2018-05-24','580代谢体验1次是赠送的吗，待确认'),('cz000411','xs00180','yg006','gj002','2018-06-23','综合卡续卡14次'),('cz000412','xs00180','yg006','gj002','2018-10-28','综合卡续卡14次'),('cz000413','xs00180','yg006','gj002','2018-11-07','表皮斑黄褐斑代谢综合卡续卡14次'),('cz000414','xs00180','yg004','gj002','2019-01-04','表皮斑综合卡续卡14次'),('cz000415','xs00180','yg004','gj002','2019-03-09','色沉黄褐斑代谢'),('cz000416','xs00180','yg004','gj002','2019-04-20','色沉黄褐斑代谢'),('cz000417','xs00180','yg004','gj002','2019-06-06','色沉黄褐斑代谢'),('cz000418','xs00182','yg004','gj002','2019-07-19','黄褐斑代谢-680体验卡'),('cz000419','xs00182','yg004','gj004','2019-07-19','水雕-680体验卡'),('cz000420','xs00180','yg004','gj002','2019-08-23','色沉黄褐斑代谢'),('cz000421','xs00183','yg006','gj002','2016-09-21','表皮斑雀斑'),('cz000422','xs00183','yg006','gj002','2016-10-21','表皮斑雀斑'),('cz000423','xs00183','yg006','gj002','2016-10-28','表皮斑雀斑'),('cz000424','xs00184','yg004','gj002','2019-07-20','扫黄体验1次'),('cz000425','xs00183','yg004','gj002','2019-08-24','剩1次，女儿做面部雀斑'),('cz000426','xs00185','yg004','gj005','2019-08-24','手部疣+斑'),('cz000427','xs00187','yg006','gj001','2016-11-08',''),('cz000428','xs00187','yg006','gj001','2017-03-03',''),('cz000429','xs00187','yg006','gj001','2017-08-04',''),('cz000430','xs00187','yg006','gj001','2017-11-18',''),('cz000431','xs00187','yg006','gj001','2018-03-22','疗程结束'),('cz000432','xs00192','yg006','gj001','2018-03-22','是否收费，待确认'),('cz000433','xs00188','yg006','gj001','2018-06-23',''),('cz000434','xs00188','yg006','gj001','2018-09-28',''),('cz000435','xs00188','yg006','gj001','2018-10-27',''),('cz000436','xs00189','yg006','gj001','2018-10-27',''),('cz000437','xs00191','yg004','gj004','2019-07-19','至尊水雕'),('cz000438','xs00190','yg004','gj002','2019-07-19','至尊水雕'),('cz000439','xs00188','yg004','gj002','2019-07-19','代谢'),('cz000440','xs00188','yg004','gj002','2019-08-24','代谢'),('cz000441','xs00191','yg004','gj002','2019-08-24','至尊水雕'),('cz000442','xs00193','yg003','gj001','2018-06-29',''),('cz000443','xs00194','yg003','gj001','2018-07-21',''),('cz000444','xs00194','yg003','gj001','2018-10-27',''),('cz000445','xs00194','yg003','gj001','2019-06-05',''),('cz000446','xs00194','yg003','gj001','2019-07-18',''),('cz000447','xs00193','yg003','gj001','2019-07-18',''),('cz000448','xs00195','yg003','gj001','2019-08-23',''),('cz000449','xs00198','yg004','gj002','2019-07-20','扫黄1次'),('cz000450','xs00196','yg004','gj002','2019-08-24','黄褐斑+表皮斑'),('cz000451','xs00198','yg004','gj004','2019-08-24','水雕1次'),('cz000452','xs00199','yg003','gj001','2019-07-20',''),('cz000453','xs00199','yg003','gj001','2019-08-24',''),('cz000454','xs00201','yg004','gj001','2019-07-19','修复体验，至尊水雕修复底层'),('cz000455','xs00201','yg004','gj001','2019-08-23','修复'),('cz000456','xs00203','yg006','gj001','2016-10-22','表皮斑？待确认'),('cz000457','xs00203','yg006','gj001','2016-11-19',''),('cz000458','xs00203','yg006','gj001','2016-12-27',''),('cz000459','xs00203','yg006','gj001','2017-03-01','续卡后操作'),('cz000460','xs00205','yg006','gj001','2017-03-01','续卡后操作'),('cz000461','xs00205','yg006','gj001','2017-04-07',''),('cz000462','xs00204','yg006','gj001','2017-04-07',''),('cz000463','xs00204','yg006','gj001','2017-05-11',''),('cz000464','xs00205','yg006','gj001','2017-05-11',''),('cz000465','xs00205','yg006','gj001','2017-06-11',''),('cz000466','xs00204','yg006','gj001','2017-06-11',''),('cz000467','xs00204','yg007','gj001','2017-09-13',''),('cz000468','xs00204','yg007','gj001','2017-10-18',''),('cz000469','xs00204','yg006','gj001','2017-12-16',''),('cz000470','xs00204','yg006','gj001','2018-03-22',''),('cz000471','xs00206','yg006','gj001','2018-05-27',''),('cz000472','xs00206','yg003','gj001','2018-09-28',''),('cz000473','xs00206','yg003','gj001','2018-12-07',''),('cz000474','xs00206','yg003','gj001','2019-03-09',''),('cz000475','xs00206','yg004','gj001','2019-05-17','转升级卡什么意思，待确认'),('cz000476','xs00207','yg004','gj001','2019-07-18',''),('cz000477','xs00208','yg003','gj007','2019-06-20','包干，几次呢，待确认'),('cz000478','xs00208','yg003','gj007','2019-07-18','包干，几次呢，待确认'),('cz000479','xs00208','yg003','gj007','2019-08-21','包干，几次呢'),('cz000480','xs00209','yg003','gj001','2019-06-20','晒斑，扫黄，补水'),('cz000481','xs00209','yg003','gj001','2019-08-21','晒斑，扫黄，补水'),('cz000482','xs00212','yg003','gj001','2019-05-30','580卡，代谢+至尊水雕'),('cz000483','xs00211','yg003','gj001','2019-06-20','代谢+至尊水雕'),('cz000484','xs00210','yg003','gj001','2019-06-20',''),('cz000485','xs00210','yg003','gj001','2019-07-28',''),('cz000486','xs00211','yg003','gj001','2019-07-28',''),('cz000487','xs00211','yg003','gj001','2019-08-21',''),('cz000488','xs00210','yg003','gj001','2019-08-21',''),('cz000489','xs00214','yg003','gj001','2019-06-25','水光+扫黄体验各1次'),('cz000490','xs00214','yg003','gj001','2019-06-25','水光+扫黄体验各1次'),('cz000491','xs00213','yg003','gj001','2019-07-28','至尊水雕'),('cz000492','xs00218','yg004','gj004','2019-05-30','店家赠送的380体验卡'),('cz000493','xs00216','yg004','gj001','2019-06-20',''),('cz000494','xs00215','yg004','gj001','2019-06-20',''),('cz000495','xs00217','yg004','gj004','2019-06-20',''),('cz000496','xs00217','yg004','gj004','2019-07-28',''),('cz000497','xs00216','yg004','gj001','2019-07-28',''),('cz000498','xs00215','yg004','gj001','2019-07-28',''),('cz000499','xs00216','yg004','gj001','2019-08-21',''),('cz000500','xs00217','yg004','gj004','2019-08-21',''),('cz000501','xs00219','yg004','gj001','2019-05-29',''),('cz000502','xs00219','yg004','gj001','2019-06-20',''),('cz000503','xs00219','yg004','gj001','2019-07-29',''),('cz000504','xs00219','yg004','gj001','2019-08-21',''),('cz000505','xs00222','yg004','gj001','2019-06-20','代谢体验1次'),('cz000506','xs00222','yg004','gj004','2019-06-20','至尊水雕体验1次'),('cz000507','xs00220','yg004','gj001','2019-08-21',''),('cz000508','xs00221','yg004','gj004','2019-08-21',''),('cz000509','xs00223','yg004','gj001','2019-08-21',''),('cz000510','xs00226','yg004','gj001','2019-08-21','全面扫黄及鼻部痣1颗'),('cz000511','xs00226','yg004','gj004','2019-08-21','至尊水雕体验1次'),('cz000512','xs00227','yg003','gj001','2019-07-18',''),('cz000513','xs00049','yg003','gj001','2019-08-16',''),('cz000514','xs00229','yg003','gj001','2019-08-16','老年斑+疣'),('cz000515','xs00048','yg003','gj001','2019-07-17','表皮斑参与团购价'),('cz000516','xs00231','yg004','gj001','2019-07-17',''),('cz000517','xs00231','yg004','gj001','2019-08-16',''),('cz000518','xs00233','yg004','gj001','2019-08-16','赠送的'),('cz000519','xs00236','yg006','gj009','2016-09-26','体验1次'),('cz000520','xs00236','yg006','gj009','2016-11-10',''),('cz000521','xs00236','yg006','gj009','2016-12-21',''),('cz000522','xs00236','yg006','gj009','2017-03-15',''),('cz000523','xs00236','yg006','gj009','2018-01-28',''),('cz000524','xs00237','yg006','gj004','2016-08-27',''),('cz000525','xs00237','yg006','gj004','2016-10-16',''),('cz000526','xs00238','yg006','gj004','2016-08-28',''),('cz000527','xs00238','yg006','gj004','2016-11-11',''),('cz000528','xs00238','yg006','gj004','2018-09-04',''),('cz000529','xs00239','yg006','gj003','2016-08-28',''),('cz000530','xs00239','yg006','gj003','2016-12-21',''),('cz000531','xs00240','yg006','gj004','2017-03-15','做完这次，已转梵妍其他不是我们操作的项目，不会退款，2018年11月21'),('cz000532','xs00241','yg006','gj006','2017-03-15','3盒面膜'),('cz000533','xs00242','yg006','gj004','2016-08-27',''),('cz000534','xs00242','yg006','gj004','2016-10-16',''),('cz000535','xs00242','yg006','gj004','2016-11-10',''),('cz000536','xs00243','yg006','gj006','2016-11-10',''),('cz000537','xs00244','yg006','gj009','2016-10-16','做完这次转年卡？'),('cz000538','xs00245','yg006','gj009','2016-12-22','颈部，面部5合一'),('cz000539','xs00246','yg006','gj003','2016-04-26','超声刀'),('cz000540','xs00246','yg006','gj003','2016-10-16','超声刀'),('cz000541','xs00247','yg006','gj004','2016-10-1604-26','水光做1次，其他3次送人？'),('cz000542','xs00248','yg006','gj009','2016-09-26','黄褐斑老年斑'),('cz000543','xs00248','yg006','gj009','2016-11-10','黄褐斑老年斑'),('cz000544','xs00248','yg006','gj009','2017-03-15','黄褐斑老年斑'),('cz000545','xs00248','yg006','gj009','2017-05-21','黄褐斑老年斑'),('cz000546','xs00248','yg007','gj009','2018-01-29','黄褐斑老年斑换成2次代谢，分别于17年12月18和18年1月29曾文操作完成'),('cz000547','xs00249','yg007','gj009','2018-11-20',''),('cz000548','xs00250','yg007','gj009','2018-11-16',''),('cz000549','xs00249','yg007','gj009','2019-01-15',''),('cz000550','xs00249','yg007','gj009','2019-05-15',''),('cz000551','xs00250','yg007','gj009','2019-06-12',''),('cz000552','xs00251','yg007','gj009','2018-01-29',''),('cz000553','xs00252','yg007','gj009','2018-01-29',''),('cz000554','xs00251','yg007','gj009','2018-03-27',''),('cz000555','xs00254','yg007','gj009','2018-03-27','赠送的水动力?待确认'),('cz000556','xs00251','yg007','gj009','2018-05-22',''),('cz000557','xs00252','yg007','gj009','2018-05-22',''),('cz000558','xs00252','yg007','gj009','2018-09-04',''),('cz000559','xs00251','yg007','gj009','2018-09-04',''),('cz000560','xs00253','yg004','gj007','2018-11-21',''),('cz000561','xs00253','yg004','gj007','2018-11-21',''),('cz000562','xs00251','yg004','gj001','2018-12-21',''),('cz000563','xs00252','yg004','gj001','2018-12-21',''),('cz000564','xs00251','yg004','gj001','2019-05-15',''),('cz000565','xs00255','yg007','gj009','2018-03-26',''),('cz000566','xs00255','yg007','gj009','2018-05-21',''),('cz000567','xs00258','yg007','gj009','2017-12-20','扫黄'),('cz000568','xs00258','yg007','gj009','2018-01-28','表皮斑'),('cz000569','xs00258','yg007','gj009','2018-05-22','表皮斑'),('cz000570','xs00258','yg007','gj009','2018-09-04','表皮斑'),('cz000571','xs00258','yg007','gj009','2018-12-16','表皮斑'),('cz000572','xs00259','yg007','gj001','2017-12-18',''),('cz000573','xs00259','yg007','gj001','2018-03-27',''),('cz000574','xs00259','yg007','gj001','2019-01-15',''),('cz000575','xs00261','yg007','gj009','2017-12-22',''),('cz000576','xs00261','yg007','gj009','2018-01-28',''),('cz000577','xs00261','yg007','gj009','2018-03-26',''),('cz000578','xs00261','yg007','gj009','2018-05-22',''),('cz000579','xs00261','yg007','gj009','2018-09-05',''),('cz000580','xs00261','yg007','gj009','2018-11-22',''),('cz000581','xs00262','yg006','gj009','2017-04-06',''),('cz000582','xs00264','yg006','gj009','2017-04-06',''),('cz000583','xs00263','yg006','gj009','2017-04-06',''),('cz000584','xs00263','yg006','gj009','2017-5-05',''),('cz000585','xs00264','yg006','gj009','2017-5-05',''),('cz000586','xs00262','yg006','gj009','2017-5-05',''),('cz000587','xs00262','yg006','gj009','2017-06-09',''),('cz000588','xs00264','yg006','gj009','2017-06-09',''),('cz000589','xs00263','yg006','gj009','2017-06-09',''),('cz000590','xs00263','yg006','gj009','2017-07-14',''),('cz000591','xs00264','yg006','gj009','2017-07-14',''),('cz000592','xs00262','yg006','gj009','2017-07-14',''),('cz000593','xs00262','yg007','gj009','2017-08-17',''),('cz000594','xs00263','yg007','gj009','2017-08-17',''),('cz000595','xs00264','yg007','gj009','2017-08-17',''),('cz000596','xs00264','yg006','gj009','2017-09-15',''),('cz000597','xs00263','yg006','gj009','2017-09-15',''),('cz000598','xs00262','yg006','gj009','2017-09-15',''),('cz000599','xs00262','yg006','gj009','2017-10-13',''),('cz000600','xs00264','yg006','gj009','2017-10-13',''),('cz000601','xs00263','yg006','gj009','2017-10-13',''),('cz000602','xs00262','yg006','gj009','2017-12-15',''),('cz000603','xs00265','yg006','gj009','2018-04-17','赠送的体验'),('cz000604','xs00265','yg006','gj009','2018-05-15',''),('cz000605','xs00262','yg004','gj009','2018-06-22','应该是售后吧，待确认'),('cz000606','xs00265','yg004','gj001','2018-07-19',''),('cz000607','xs00262','yg004','gj001','2018-09-07','应该是售后吧，待确认'),('cz000608','xs00265','yg004','gj001','2018-10-19',''),('cz000609','xs00262','yg004','gj001','2018-11-30','应该是售后吧，待确认'),('cz000610','xs00265','yg004','gj001','2019-01-10',''),('cz000611','xs00262','yg004','gj001','2019-01-10','痣赠送2次顺带做了'),('cz000612','xs00265','yg004','gj001','2019-03-08',''),('cz000613','xs00262','yg004','gj001','2019-03-08','痣赠送2次顺带做了'),('cz000614','xs00265','yg004','gj001','2019-04-17',''),('cz000615','xs00267','yg006','gj009','2017-04-05','真皮斑+黑眼圈'),('cz000616','xs00267','yg006','gj009','2017-06-09','真皮斑+黑眼圈'),('cz000617','xs00267','yg006','gj009','2017-07-13','真皮斑+黑眼圈'),('cz000618','xs00267','yg006','gj009','2018-05-16','真皮斑+黑眼圈'),('cz000619','xs00269','yg004','gj005','2018-06-22','汗管瘤几次，待确认'),('cz000620','xs00268','yg004','gj001','2018-10-19','真皮斑几次，待确认'),('cz000621','xs00268','yg004','gj001','2019-04-18','真皮斑几次，待确认'),('cz000622','xs00269','yg004','gj001','2019-04-18','汗管瘤几次，待确认'),('cz000623','xs00269','yg004','gj007','2019-05-22','疣+肉痣什么时候开的还是赠送的，待确认'),('cz000624','xs00269','yg004','gj007','2019-06-27','疣+肉痣什么时候开的还是赠送的，待确认'),('cz000625','xs00014','yg006','gj009','2017-07-14',''),('cz000626','xs00270','yg006','gj009','2017-07-14',''),('cz000627','xs00270','yg007','gj009','2017-08-17',''),('cz000628','xs00014','yg007','gj009','2017-08-17',''),('cz000629','xs00039','yg007','gj006','2017-08-17','1瓶花青素'),('cz000630','xs00272','yg006','gj009','2017-10-13','1次体验'),('cz000631','xs00272','yg006','gj009','2017-11-17',''),('cz000632','xs00272','yg006','gj009','2017-12-15',''),('cz000633','xs00273','yg006','gj009','2018-04-20','代谢'),('cz000634','xs00272','yg006','gj009','2018-05-16',''),('cz000635','xs00272','yg004','gj009','2018-10-19',''),('cz000636','xs00273','yg004','gj009','2018-11-30',''),('cz000637','xs00274','yg004','gj005','2018-11-30',''),('cz000638','xs00273','yg004','gj009','2019-03-08','做完这次代谢和另外剩余5次综合卡转成5次有针水光'),('cz000639','xs00272','yg004','gj009','2019-03-08','做完这次代谢和另外剩余5次综合卡转成5次有针水光'),('cz000640','xs00277','yg004','gj001','2019-05-22','面部混合斑'),('cz000641','xs00276','yg004','gj001','2019-05-22','体验'),('cz000642','xs00277','yg004','gj001','2019-06-28','综合卡'),('cz000643','xs00275','yg004','gj004','2019-07-26','需另扣17年综合卡和代谢卡的相应次数'),('cz000644','xs00272','yg004','gj004','2019-07-26','需另扣17年综合卡和代谢卡的相应次数'),('cz000645','xs00273','yg004','gj004','2019-07-26','需另扣17年综合卡和代谢卡的相应次数'),('cz000646','xs00038','yg004','gj009','2018-09-07','体验1次'),('cz000647','xs00038','yg004','gj009','2018-10-18','T区黄气+代谢'),('cz000648','xs00038','yg004','gj001','2019-03-07','T区黄气+代谢'),('cz000649','xs00038','yg004','gj001','2019-04-17','T区黄气+代谢'),('cz000650','xs00038','yg004','gj001','2019-05-25','T区黄气+代谢'),('cz000651','xs00280','yg004','gj001','2019-05-25','是680卡里的至尊水雕体验还是至尊水雕卡里的，待确认'),('cz000652','xs00038','yg004','gj001','2019-08-21','T区黄气+代谢'),('cz000653','xs00278','yg004','gj005','2019-03-07','包年卡'),('cz000654','xs00278','yg004','gj005','2019-04-17','包年卡'),('cz000655','xs00278','yg004','gj005','2019-05-25','包年卡');
/*!40000 ALTER TABLE `operation` ENABLE KEYS */;
UNLOCK TABLES;

--
-- Table structure for table `profile`
--

DROP TABLE IF EXISTS `profile`;
/*!40101 SET @saved_cs_client     = @@character_set_client */;
 SET character_set_client = utf8mb4 ;
CREATE TABLE `profile` (
  `sale_id` varchar(7) NOT NULL,
  `rest_item_amount` int(11) NOT NULL,
  `create_profile_date` date DEFAULT NULL,
  `description` varchar(100) DEFAULT NULL,
  `rest_card_amount` int(11) DEFAULT NULL,
  PRIMARY KEY (`sale_id`),
  CONSTRAINT `profile-sale` FOREIGN KEY (`sale_id`) REFERENCES `sale` (`id`)
) ENGINE=InnoDB DEFAULT CHARSET=utf8mb4 COLLATE=utf8mb4_0900_ai_ci COMMENT='档案表';
/*!40101 SET character_set_client = @saved_cs_client */;

--
-- Dumping data for table `profile`
--

LOCK TABLES `profile` WRITE;
/*!40000 ALTER TABLE `profile` DISABLE KEYS */;
INSERT INTO `profile` VALUES ('xs00001',0,'2016-10-25','这里作为档案表的一部分，完整部分可在前台构建',NULL),('xs00002',0,'2016-10-25',NULL,NULL),('xs00003',0,'2016-10-25',NULL,NULL);
/*!40000 ALTER TABLE `profile` ENABLE KEYS */;
UNLOCK TABLES;

--
-- Table structure for table `role`
--

DROP TABLE IF EXISTS `role`;
/*!40101 SET @saved_cs_client     = @@character_set_client */;
 SET character_set_client = utf8mb4 ;
CREATE TABLE `role` (
  `id` varchar(5) NOT NULL,
  `name` varchar(20) DEFAULT NULL,
  `responsibility` varchar(50) DEFAULT NULL,
  `description` varchar(100) DEFAULT NULL,
  PRIMARY KEY (`id`)
) ENGINE=InnoDB DEFAULT CHARSET=utf8mb4 COLLATE=utf8mb4_0900_ai_ci COMMENT='角色表';
/*!40101 SET character_set_client = @saved_cs_client */;

--
-- Dumping data for table `role`
--

LOCK TABLES `role` WRITE;
/*!40000 ALTER TABLE `role` DISABLE KEYS */;
INSERT INTO `role` VALUES ('js001','创始人','管理公司','创业老板'),('js002','合伙人','运营管理日常事务','合伙人'),('js003','专家','销售美肤项目','做业绩，美肤方面的专家，制定销售策略，指导美容店员工专业知识'),('js004','操作人','操作各种美肤仪器','皮肤领域专家，培训店内员工，操作客人'),('js005','财务','管理公司财务支出','各项财务相关数据汇总管理'),('js006','技术','公司网站，文案，广告','办公室杂项，技术相关'),('js007','司机','驾驶公司车辆，运送仪器，公司员工，维护车辆','维护车辆各项事宜'),('js008','文案','宣传推广','运营公众号，网站');
/*!40000 ALTER TABLE `role` ENABLE KEYS */;
UNLOCK TABLES;

--
-- Table structure for table `sale`
--

DROP TABLE IF EXISTS `sale`;
/*!40101 SET @saved_cs_client     = @@character_set_client */;
 SET character_set_client = utf8mb4 ;
CREATE TABLE `sale` (
  `id` varchar(7) NOT NULL,
  `client_id` varchar(7) NOT NULL,
  `beautify_skin_item_id` varchar(5) NOT NULL,
  `seller_id` varchar(5) NOT NULL,
  `item_number` int(11) NOT NULL,
  `create_card_total_amount` bigint(11) DEFAULT '1',
  `employee_premium` float DEFAULT NULL,
  `shop_premium` float DEFAULT NULL COMMENT '不同店家计算回扣方法不一样，比如柳叶每一笔销售都要扣除1%，而肤语港是超过50万返还5万，用此表来计算不妥，所以在cosmeticShop表中加了1列shop_premium',
  `received_amount` bigint(11) NOT NULL,
  `received_earned_amount` bigint(11) DEFAULT NULL COMMENT '用来表示店家给悦和的实际回款',
  `create_card_date` varchar(25) NOT NULL,
  `description` varchar(100) DEFAULT NULL,
  PRIMARY KEY (`id`),
  UNIQUE KEY `id_UNIQUE` (`id`),
  KEY `sale-seller_idx` (`seller_id`),
  KEY `sale-item_idx` (`beautify_skin_item_id`),
  KEY `sale-client_idx` (`client_id`),
  CONSTRAINT `sale-client` FOREIGN KEY (`client_id`) REFERENCES `client` (`id`),
  CONSTRAINT `sale-item` FOREIGN KEY (`beautify_skin_item_id`) REFERENCES `beautifyskinitem` (`id`),
  CONSTRAINT `sale-seller` FOREIGN KEY (`seller_id`) REFERENCES `employee` (`id`)
) ENGINE=InnoDB DEFAULT CHARSET=utf8mb4 COLLATE=utf8mb4_0900_ai_ci COMMENT='销售表';
/*!40101 SET character_set_client = @saved_cs_client */;

--
-- Dumping data for table `sale`
--

LOCK TABLES `sale` WRITE;
/*!40000 ALTER TABLE `sale` DISABLE KEYS */;
INSERT INTO `sale` VALUES ('xs00001','kh00001','xm001','yg001',5,16800,0,0,16800,6720,'2016-10-25','表皮斑（毛孔黄气带做）送体验1次'),('xs00002','kh00002','xm004','yg003',8,22800,0,0,19800,2000,'2016-10-25','开卡4次，赠送2次，之前的开卡次数耗完了，效果不好，然后免费再给她做的售后'),('xs00003','kh00002','xm003','yg001',3,2000,0,0,1000,200,'2016-10-25','销售的为产品花青素，同样需要与店家分成，按折扣计算后返回400'),('xs00005','kh00010','xm001','yg001',5,17780,177,0,17780,7112,'2018-10-10','无'),('xs00007','kh00019','xm001','yg002',6,16800,0,0,16800,6720,'2018-04-22','疗程抵用券用了3000，面部老年斑晒斑包干净3年，6次代谢'),('xs00008','kh00018','xm004','yg001',13,59800,0,0,59800,23920,'2017-11-09','送2次黑眼圈，毛孔加强，加体验1次共13次'),('xs00009','kh00018','xm027','yg001',2,0,0,0,0,0,'2017-11-09','送2次黑眼圈'),('xs00011','kh00018','xm003','yg002',7,10000,0,0,10000,4000,'2018-04-20','特惠，加580代谢体验1次'),('xs00012','kh00017','xm002','yg002',6,29800,200,200,5000,5000,'2019-06-10','test'),('xs00013','kh00015','xm002','yg001',6,19800,100,200,10000,3000,'2019-03-05','test'),('xs00014','kh00003','xm040','yg001',6,12800,0,0,12800,5120,'2016-10-25','黑眼圈（表皮斑），赠送1次体验？待确认'),('xs00015','kh00015','xm002','yg003',3,19800,100,100,10000,3000,'2019-07-01','test'),('xs00016','kh00013','xm001','yg001',5,20580,205,0,20580,8232,'2018-03-24','test'),('xs00017','kh00011','xm003','yg002',3,19800,150,100,10000,5000,'2019-07-10','test'),('xs00018','kh00017','xm002','yg001',3,19800,150,200,10000,3000,'2019-07-09','test'),('xs00019','kh00018','xm003','yg002',12,29800,0,0,29800,11920,'2019-01-04','赠送2次脖子'),('xs00020','kh00016','xm004','yg003',3,19800,150,200,10000,5000,'2019-07-01','test'),('xs00021','kh00020','xm004','yg001',7,29800,150,200,15000,5000,'2019-07-01','test'),('xs00023','kh00017','xm002','yg001',8,19800,100,100,2000,1000,'2019-07-08','test'),('xs00024','kh00011','xm004','yg002',6,14000,100,100,8800,1000,'2019-07-09','test'),('xs00025','kh00015','xm003','yg001',8,19800,100,100,8800,5000,'2019-07-08','test'),('xs00027','kh00009','xm002','yg003',5,29800,100,100,20000,5000,'2019-07-08','test'),('xs00028','kh00019','xm003','yg002',6,10000,0,0,10000,4000,'2018-04-20','赠送6次面部及眼部循环代谢'),('xs00029','kh00022','xm012','yg001',7,10000,0,0,5000,5000,'2019-08-19','送1次扫黄，8月19付5000定金，还是1000？'),('xs00030','kh00024','xm003','yg003',8,14000,100,100,10000,3000,'2019-07-09','test'),('xs00031','kh00025','xm001','yg002',8,19800,100,100,8800,5000,'2019-08-01','常州新店'),('xs00032','kh00026','xm003','yg002',3,19800,100,100,8800,5000,'2019-08-12','常州新店'),('xs00033','kh00027','xm001','yg001',8,28000,280,0,28000,11200,'2019-08-11','是叶老师兰心会的朋友，卡里8次里包含送1次水雕和1次代谢'),('xs00034','kh00028','xm001','yg001',4,15000,0,0,15000,3750,'08/02/2019','test'),('xs00035','kh00029','xm013','yg001',13,29800,0,0,29800,11920,'2018-10-19','无'),('xs00036','kh00029','xm014','yg001',11,19800,0,0,19800,7920,'2019-05-24','此卡为特惠卡11次包括680卡里送的1次'),('xs00037','kh00029','xm013','yg001',1,0,0,0,0,0,'2019-05-24','5月份活动色素管控体验卡赠送'),('xs00038','kh00001','xm003','yg001',13,19800,0,0,19800,7920,'2018-09-07','黄气代谢综合卡，简称代谢综合卡'),('xs00039','kh00003','xm005','yg001',1,1000,0,0,1000,400,'2016-10-25','无'),('xs00040','kh00030','xm002','yg001',12,49800,498,0,49800,11920,'2017-03-26','送了6次后背'),('xs00041','kh00030','xm010','yg001',1,498,0,0,498,299,'2017-03-26','面膜是5:5分'),('xs00042','kh00030','xm015','yg001',6,0,0,0,0,0,'2017-03-26','此卡为开真皮斑混合斑赠送'),('xs00043','kh00031','xm013','yg002',12,30000,300,0,30000,12000,'2019-01-18','12次里包含了修复项目'),('xs00044','kh00012','xm013','yg001',22,27500,100,0,10000,5500,'2018-04-05','此卡实际金额为69800，叶老师承担50000，余款按55/45分成，为方便入系统里默认为4/6分将19800，改为27500，这个22次公司也只是收成本'),('xs00045','kh00012','xm008','yg001',1,2500,25,0,2500,1000,'2018-11-17','此卡均为特价卡包括汗管瘤'),('xs00046','kh00032','xm012','yg001',7,14900,74.5,0,14900,6705,'2019-07-17','是魏老师新店合作的美曱师价格实惠，参与员工打版价，体验卡换成2次黄褐斑'),('xs00047','kh00032','xm024','yg001',2,680,100,0,680,390,'2019-07-17','色素管控体验卡，1次扫黄，1次至尊水雕，680卡回款方式为680-100员工奖励再除以2=290'),('xs00048','kh00034','xm001','yg001',3,8980,44.9,0,8980,4041,'2019-07-17','无'),('xs00049','kh00033','xm018','yg001',3,8980,44.9,0,8980,4041,'2019-07-17','无'),('xs00050','kh00036','xm019','yg002',6,19800,0,0,19800,7920,'2019-03-29','无'),('xs00051','kh00036','xm020','yg002',4,9900,0,0,9900,3960,'2019-03-29','暂无'),('xs00052','kh00037','xm012','yg001',12,29800,0,0,29800,11920,'2018-11-05','这个需要确认回款的折扣'),('xs00053','kh00038','xm022','yg001',1,580,0,0,580,232,'2019-03-30','暂无'),('xs00054','kh00038','xm021','yg002',2,3000,0,0,3000,1200,'2019-03-30','脂肪粒，面部'),('xs00055','kh00039','xm009','yg002',3,8000,0,0,8000,3200,'2019-06-19','面部痣加颈部痣'),('xs00056','kh00040','xm016','yg002',6,10000,0,0,10000,4000,'2019-03-29','好多项目分开写，每个项目给与一定价值'),('xs00057','kh00040','xm023','yg002',6,10000,0,0,10000,4000,'2019-03-29','好多项目分开写，每个项目给与一定价值'),('xs00058','kh00040','xm009','yg002',6,10000,0,0,10000,4000,'2019-03-29','好多项目分开写，每个项目给与一定价值'),('xs00059','kh00040','xm037','yg002',1,580,0,0,580,200,'2019-03-29','体验卡没写是什么项目，实际回款多少没写'),('xs00060','kh00041','xm009','yg001',7,29800,0,0,29800,11920,'2018-11-24','加体验卡1次，总共7次，因为没有写体验卡多少钱，可以写在一起'),('xs00061','kh00041','xm008','yg001',2,2980,0,0,2980,1192,'2019-03-29','面部少量疣（保两年）'),('xs00062','kh00042','xm023','yg002',6,25000,0,0,25000,10000,'2019-03-30','晒斑两个疗程，脂溢性角纹一颗大'),('xs00063','kh00042','xm037','yg002',1,580,0,0,580,300,'2019-03-30','臻spa体验卡580回款300'),('xs00064','kh00042','xm025','yg002',5,9900,0,0,9900,3960,'2019-06-19','开卡4次加体验1次？'),('xs00065','kh00043','xm025','yg001',12,29800,0,0,29800,11920,'2019-05-26','1年治疗后建议后期长期管理或保养（补水代谢）'),('xs00066','kh00043','xm026','yg001',3,3980,0,0,3980,1592,'2019-05-26','这个是多少次呢'),('xs00067','kh00043','xm017','yg001',1,680,0,0,680,340,'2019-05-26','全脸黄气+水雕1次，1年治疗后建议长期管理保养，补水代谢'),('xs00068','kh00044','xm016','yg001',3,10000,0,0,10000,4500,'2019-04-21','打版价，眼部效果图可用于微宣传'),('xs00069','kh00044','xm003','yg001',2,6600,0,0,6600,2970,'2019-04-21','送2次修复1次扫黄'),('xs00070','kh00045','xm008','yg001',3,15800,0,0,10000,5000,'2019-05-27','首付1万，余款看到效果再付'),('xs00071','kh00046','xm016','yg001',6,0,0,0,0,0,'2019-07-23','次数需要再商议，目前是1万以下3次，2万6次'),('xs00072','kh00046','xm024','yg001',1,680,0,0,680,340,'2019-07-23','扫黄+水雕'),('xs00073','kh00047','xm028','yg001',7,19800,0,0,19800,9900,'2019-05-26','开卡6次赠送1次体验，家居补水一定要跟上'),('xs00074','kh00047','xm024','yg001',2,680,0,0,680,340,'2019-05-26','两次换成2次雀斑应该是指一次扫黄一次水雕？'),('xs00075','kh00047','xm027','yg001',1,0,0,0,0,0,'2019-05-26','赠送一次水雕'),('xs00076','kh00048','xm001','yg001',3,0,0,0,0,0,'2019-06-29','这个应该有一定数额，暂时不知道'),('xs00077','kh00049','xm015','yg001',3,0,0,0,0,0,'2019-06-29','应该有员工价，暂时不知档案未写'),('xs00078','kh00050','xm015','yg001',6,9900,0,0,9900,4950,'2019-05-26','黄气特惠卡，半年送1次修复'),('xs00079','kh00050','xm024','yg001',3,680,0,0,680,340,'2019-05-26','建议做色素管控卡，先做黄气，感受下过，效果好在做管控，综合体验卡包括一次修复一次水雕一次扫黄'),('xs00080','kh00051','xm002','yg001',6,26800,0,0,26800,13400,'2019-07-23','抵了3000的券，项目为真皮斑+表皮斑，如何操作？7月23首付16800，8月25尾款10000补齐'),('xs00081','kh00051','xm031','yg001',3,680,0,0,680,340,'2019-07-23','换成3次代谢'),('xs00082','kh00052','xm001','yg001',6,19800,0,0,19800,8910,'2019-04-21','送4次代谢'),('xs00083','kh00052','xm003','yg001',4,10000,0,0,10000,4500,'2019-04-21','表皮斑赠送的代谢'),('xs00085','kh00052','xm030','yg001',2,680,0,0,680,306,'2019-04-21','8月份开的卡折扣为0.45'),('xs00086','kh00053','xm028','yg001',6,26800,0,0,6800,3400,'2019-06-29','抵用券3000，6月29首付款6800'),('xs00087','kh00054','xm001','yg001',3,3000,0,0,3000,1200,'2019-07-31','该客户信息不够，是否是正式客户'),('xs00088','kh00022','xm023','yg002',4,10000,0,0,10000,4000,'2019-04-11','赠送扫黄2次'),('xs00089','kh00022','xm027','yg002',2,0,0,0,0,0,'2019-04-11','晒斑赠送的2次扫黄'),('xs00090','kh00022','xm024','yg001',2,99,0,0,99,40,'2019-07-31','秒杀99，体验扫黄、黄褐斑1次，是各1次吗'),('xs00091','kh00055','xm028','yg002',6,15000,0,0,15000,6000,'2019-08-16','雀斑样痣，效果保障60%,赠送面部疣4颗，嘴唇扫黄'),('xs00092','kh00055','xm015','yg002',6,5099,0,0,5099,2040,'2019-08-16','T区扫黄，5+1次'),('xs00093','kh00056','xm028','yg002',4,15800,0,0,15800,6320,'2018-04-10','治疗效果需达到80%，如4次未达到，后期免费治疗直至达到'),('xs00094','kh00057','xm001','yg002',6,29800,0,0,29800,11920,'2018-04-11','开卡项目包括雀斑老年斑晒斑，写为表皮斑，做的时候一次性全部做，一个疗程保证达70-80%'),('xs00095','kh00023','xm015','yg002',4,10000,0,0,10000,4000,'2019-03-24','全脸扫黄气-长期，晒斑1-2疗程，黄褐斑，2-3疗程'),('xs00096','kh00058','xm028','yg001',3,7600,0,0,7600,3040,'2017-10-20',''),('xs00097','kh00059','xm001','yg002',4,10000,0,0,10000,4000,'2018-04-24','少量表皮斑'),('xs00098','kh00060','xm016','yg001',6,29800,0,0,29800,11920,'2017-10-20',''),('xs00099','kh00062','xm025','yg001',7,5800,0,0,5800,2320,'2018-04-11','发际线换成2次黄2次代谢加到色素管控中算作7次'),('xs00100','kh00063','xm004','yg001',10,69800,0,0,29000,11600,'2017-10-21','不记得是否付款，档案没写，但似乎又记得付了29000，后期需对总账'),('xs00101','kh00064','xm029','yg001',6,26800,0,0,26800,6700,'2017-10-20','洗胸口纹身，新型纹身'),('xs00102','kh00064','xm015','yg001',4,19800,0,0,19800,4950,'2017-11-24','脖子扫黄'),('xs00103','kh00064','xm015','yg001',6,19800,0,0,19800,4950,'2018-06-13','脖子扫黄（送手臂手面各一次扫黄）'),('xs00104','kh00064','xm027','yg001',1,0,0,0,0,0,'2018-06-13','脖子扫黄开卡赠送的手臂手面一次扫黄'),('xs00105','kh00065','xm016','yg001',6,19800,0,0,19800,4950,'2018-08-19','包年，扁平疣，汗管瘤，送1次黄气'),('xs00106','kh00065','xm027','yg001',1,0,0,0,0,0,'2018-08-19','赠送1次黄气'),('xs00107','kh00066','xm026','yg001',4,13800,0,0,13800,3450,'2018-11-11','打折'),('xs00108','kh00067','xm001','yg002',4,4000,0,0,4000,1000,'2018-04-11',''),('xs00109','kh00068','xm025','yg001',6,10000,0,0,10000,5000,'2019-07-31',''),('xs00110','kh00069','xm015','yg002',4,8000,0,0,8000,4000,'2019-03-24','扫黄全脸'),('xs00111','kh00069','xm001','yg002',3,10000,0,0,10000,5000,'2019-07-31','包干，低于10000次数为3'),('xs00112','kh00070','xm001','yg001',5,10000,0,0,10000,5000,'2017-09-12',''),('xs00113','kh00070','xm030','yg001',1,980,0,0,980,490,'2017-09-12','表皮斑体验卡'),('xs00114','kh00071','xm004','yg001',4,12500,0,0,12500,6250,'2017-09-12','混合斑（黄气）'),('xs00115','kh00072','xm015','yg001',4,9800,0,0,9800,3920,'2017-04-07','几个表皮斑特别鼻子上'),('xs00116','kh00072','xm012','yg001',3,5800,0,0,5800,2320,'2017-04-07',''),('xs00117','kh00072','xm003','yg002',6,10000,0,0,10000,4000,'2018-05-25','代谢年卡，赠送鼻头太阳穴为止2颗老年斑治疗3次'),('xs00118','kh00072','xm031','yg002',1,580,0,0,580,100,'2018-05-25','代谢体验'),('xs00119','kh00072','xm024','yg002',2,680,0,0,680,280,'2019-07-18','开卡金额没写是没收钱吗？那就写赠送体验一次'),('xs00120','kh00072','xm003','yg001',6,10000,0,0,1000,400,'2019-07-18','首付1000'),('xs00121','kh00073','xm001','yg001',5,16800,0,0,16800,6720,'2017-08-05','表皮斑黄气'),('xs00122','kh00073','xm030','yg001',1,580,0,0,580,232,'2017-08-05','表皮斑黄气体验卡'),('xs00123','kh00074','xm001','yg001',3,12000,0,0,12000,4800,'2016-10-19',''),('xs00124','kh00074','xm001','yg001',6,12000,0,0,12000,4800,'2016-12-27',''),('xs00125','kh00074','xm003','yg002',7,10500,0,0,10500,4200,'2018-05-26','循环代谢6次+体验卡1次'),('xs00126','kh00074','xm025','yg002',6,14220,0,0,6820,2728,'2019-07-18','色素管控6次'),('xs00127','kh00074','xm024','yg002',2,680,0,0,680,280,'2019-07-18','扫黄和水雕各体验1次'),('xs00128','kh00044','xm015','yg001',1,3200,0,0,3200,1440,'2019-04-21','送2次修复1次扫黄'),('xs00129','kh00075','xm015','yg002',6,5000,0,0,5000,2000,'2018-12-17','扫黄全脸，老板档案写开卡10000，实际是5000，回款2000'),('xs00130','kh00075','xm027','yg002',1,0,0,0,0,0,'2019-07-19','赠送的水雕体验'),('xs00131','kh00076','xm031','yg002',1,580,0,0,580,100,'2018-05-26','体验'),('xs00132','kh00076','xm023','yg002',6,19800,0,0,19800,7920,'2019-04-20','包干净，多少次呢'),('xs00133','kh00076','xm003','yg002',12,9800,0,0,9800,3920,'2018-05-26','总费用19800，全脸循环代谢（周年庆）,赠送面部7颗老年斑同步治疗，需平摊费用以体现价值'),('xs00134','kh00076','xm008','yg002',6,12000,0,0,12000,4800,'2019-06-28','颈部+胸部+乳房+腹部+扁平疣 包干净，售后2年至21年12月底-石小兰'),('xs00135','kh00076','xm027','yg002',1,0,0,0,0,0,'2019-08-23','赠送水雕1次价值1980，活动老客续卡'),('xs00136','kh00076','xm026','yg002',12,10000,0,0,10000,4000,'2018-05-26','老年斑+代谢 共12次 19800'),('xs00137','kh00077','xm001','yg002',6,29800,0,0,29800,11920,'2019-08-23','包干净，算6次'),('xs00138','kh00077','xm030','yg002',1,680,0,0,680,280,'2019-08-23','包干净'),('xs00139','kh00077','xm027','yg002',1,0,0,0,0,0,'2019-08-23','口周，鼻头，色素处理一次'),('xs00140','kh00078','xm012','yg001',6,7500,0,0,7500,3000,'2019-06-06','美容院员工，直接回款给悦和'),('xs00141','kh00079','xm025','yg001',12,29800,0,0,16800,6720,'2019-05-23','表皮斑，色素管理（综合），5月23付定金16800'),('xs00142','kh00079','xm027','yg001',1,0,0,0,0,0,'2019-05-23','店家赠送T区代谢'),('xs00143','kh00080','xm004','yg001',5,29800,0,0,29800,11920,'2016-09-24','操作表显示第一次未扣卡，是否赠送了1次体验，'),('xs00144','kh00080','xm015','yg001',5,9800,0,0,9800,3920,'2016-09-24','操作表显示第一次未扣卡，赠送了1次'),('xs00145','kh00080','xm004','yg001',6,19800,0,0,19800,7920,'2016-12-27',''),('xs00146','kh00080','xm003','yg001',6,9800,0,0,9800,3920,'2016-12-27',''),('xs00147','kh00080','xm003','yg001',6,10000,0,0,10000,4000,'2018-06-24','保养类代谢是什么4次代谢2次斑，算6次代谢'),('xs00148','kh00080','xm015','yg001',6,10000,0,0,10000,4000,'2016-12-27',''),('xs00149','kh00080','xm031','yg001',1,0,0,0,0,0,'2018-05-26','这个是赠送的吗，档案未写清，'),('xs00150','kh00081','xm001','yg001',4,8000,0,0,2720,1088,'2019-08-24','表皮斑4次送4次代谢（包括680的卡一次扫黄）还有1次水雕未做'),('xs00151','kh00081','xm003','yg001',3,4720,0,0,0,0,'2019-08-24','表皮斑4次送4次代谢（包括680的卡一次扫黄）还有1次水雕未做'),('xs00152','kh00081','xm024','yg001',2,680,0,0,680,280,'2019-08-24','1次黄气，1次水雕未做'),('xs00154','kh00081','xm009','yg001',3,1000,0,0,1000,400,'2019-08-24','包干算3次'),('xs00155','kh00082','xm038','yg002',15,29800,0,0,14900,5960,'2019-01-04','1月4号3000定金，2月到店付半个疗程14900，余款半个疗程做完付清，体验1次'),('xs00156','kh00083','xm012','yg002',12,29800,0,0,29800,11920,'2018-05-24','晒斑包干净黄褐斑治疗到80%'),('xs00157','kh00083','xm015','yg002',12,19800,0,0,19800,7920,'2018-05-24','黑眼圈50%,T区黄气包干净'),('xs00158','kh00083','xm039','yg002',12,10000,0,0,10000,4000,'2018-05-24','敏感修复至正常皮肤'),('xs00159','kh00084','xm015','yg002',5,4000,0,0,4000,1600,'2019-07-18','T区扫黄5次赠送黑眼圈同步治疗3次'),('xs00160','kh00084','xm009','yg002',3,4000,0,0,1000,400,'2019-07-18','痣15颗，包干'),('xs00161','kh00084','xm040','yg002',3,2000,0,0,0,0,'2019-07-18','赠送的黑眼圈3次，需要给与价值，'),('xs00162','kh00084','xm024','yg002',2,680,0,0,680,280,'2019-07-18','扫黄和水雕各1次'),('xs00163','kh00085','xm023','yg002',6,19800,0,0,19800,7920,'2019-05-17','特价'),('xs00164','kh00086','xm004','yg001',5,29800,0,0,29800,11920,'2016-09-24','表皮斑+真皮斑，加体验共5次'),('xs00165','kh00086','xm002','yg001',5,19800,0,0,19800,7920,'2016-12-27','真皮斑，加体验共5次'),('xs00166','kh00086','xm015','yg001',4,10000,0,0,10000,4000,'2016-12-27','黄气4次'),('xs00167','kh00086','xm004','yg001',6,16800,0,0,16800,6720,'2017-07-16','真皮斑+黄气统称混合斑'),('xs00168','kh00086','xm003','yg001',13,19800,0,0,19800,7920,'2018-05-24','18年5月24循环代谢年卡13次19800，19年7月做到5次的时候加5000升级卡变成色素管控卡，5000为7月的业绩，色素管控耗8次代谢卡耗完再扣除升级费'),('xs00169','kh00086','xm025','yg001',8,5000,0,0,5000,2000,'2019-07-18','18年5月24循环代谢年卡13次19800，19年7月做到5次的时候加5000升级卡变成色素管控卡，5000为7月的业绩，色素管控耗8次代谢卡耗完再扣除升级费'),('xs00170','kh00087','xm008','yg002',6,36000,0,0,36000,14400,'2019-08-23','面部老年疣，包干净，晒斑，治愈率90%,效果照用于宣传，报价45000，实收36000'),('xs00171','kh00087','xm024','yg002',2,680,0,0,680,280,'2019-08-23','扫黄680卡1次水雕1次扫黄'),('xs00173','kh00088','xm024','yg002',2,680,0,0,680,280,'2019-07-20','体验卡有收费吗，'),('xs00174','kh00088','xm001','yg002',6,10000,0,0,10000,4000,'2019-08-22','又是10000包干，多少次呢表皮斑，待确认'),('xs00175','kh00018','xm027','yg002',2,0,0,0,0,0,'2019-01-04','赠送2次脖子'),('xs00176','kh00018','xm041','yg002',12,69800,0,0,69800,27920,'2019-08-23','面颊色素沉着，毛孔，黑眼圈，黄褐斑，水雕'),('xs00177','kh00089','xm001','yg001',4,10000,0,0,10000,4000,'2016-10-21','表皮斑老年斑'),('xs00178','kh00089','xm001','yg001',4,10000,0,0,10000,4000,'2016-12-28','表皮斑老年斑黄褐斑'),('xs00179','kh00089','xm003','yg001',2,3800,0,0,3800,1520,'2016-12-28','代谢'),('xs00180','kh00089','xm004','yg002',14,26800,0,0,26800,10720,'2018-05-24','原价29800，优惠券抵扣3000，续卡表皮斑+黄褐斑，治疗1年黄褐斑，淡化60%，赠送晒斑老年斑同步治疗'),('xs00181','kh00089','xm031','yg002',1,580,0,0,580,232,'2018-05-24','580体验卡是赠送的吗，待确认'),('xs00182','kh00089','xm024','yg001',2,680,0,0,680,280,'2019-07-18','1次扫黄1次水雕'),('xs00183','kh00090','xm001','yg001',5,14900,0,0,14900,5960,'2016-09-21',''),('xs00184','kh00090','xm024','yg001',2,680,0,0,680,280,'2019-07-20','这个卡是退掉了吗怎么做了1次，待确认'),('xs00185','kh00091','xm008','yg001',3,16800,0,0,16800,6720,'2019-08-24','包干，算几次呢，送1次黄气1次水雕的680综合体验卡'),('xs00186','kh00091','xm024','yg001',2,680,0,0,680,280,'2019-08-24','，送1次黄气1次水雕的680综合体验卡'),('xs00187','kh00092','xm004','yg001',5,12800,0,0,12800,5120,'2016-11-18','黄气+表皮斑'),('xs00188','kh00092','xm003','yg002',12,19800,0,0,19800,7920,'2018-05-26','修复代谢（周年庆）'),('xs00189','kh00092','xm008','yg002',4,10000,0,0,10000,4000,'2018-10-27','疣（脸+脖子+身体）'),('xs00190','kh00092','xm004','yg002',6,19800,0,0,19800,7920,'2018-10-27','晒斑+黄褐斑'),('xs00191','kh00092','xm011','yg002',6,19800,0,0,19800,7920,'2018-10-27','无针水光'),('xs00192','kh00092','xm031','yg001',1,580,0,0,580,100,'2018-05-26','代谢卡是否赠送'),('xs00193','kh00093','xm001','yg002',3,10000,0,0,10000,4000,'2018-06-24','表皮斑+代谢共7次，赠送面部代谢4次'),('xs00194','kh00093','xm003','yg002',4,9800,0,0,9800,3920,'2018-06-24','表皮斑+代谢共7次，赠送面部代谢4次'),('xs00195','kh00093','xm025','yg003',6,19800,0,0,19800,7920,'2019-07-18','色素管控卡（表皮斑，黄褐斑，扫黄，代谢），19年7月18日付定金1000，8月29已付齐'),('xs00196','kh00094','xm004','yg001',6,19800,0,0,19800,7920,'2019-07-20','黄褐斑+表皮斑'),('xs00197','kh00094','xm027','yg001',1,0,0,0,0,0,'2019-07-20','口周黄气几次收了多少钱，待确认'),('xs00198','kh00094','xm024','yg001',2,680,0,0,680,280,'2019-07-20','1次扫黄1次水雕'),('xs00199','kh00095','xm018','yg002',12,29800,0,0,29800,11920,'2019-07-20','暗疮'),('xs00200','kh00095','xm024','yg002',2,680,0,0,680,280,'2019-07-20','1次扫黄1次水雕'),('xs00201','kh00096','xm038','yg001',13,20000,0,0,10000,4000,'2019-07-19','首付10000做6次，什么意思，不是12次？，承诺40%效果，加体验1次？'),('xs00202','kh00096','xm024','yg001',2,680,0,0,680,280,'2019-07-19','是赠送的体验卡吗'),('xs00203','kh00097','xm015','yg001',4,9000,0,0,9000,3600,'2016-08-24',''),('xs00204','kh00097','xm015','yg001',7,6000,0,0,6000,2400,'2016-12-27','黄气黑眼圈一起做，18年底送了1次'),('xs00205','kh00097','xm003','yg001',4,4000,0,0,4000,1600,'2016-12-27','代谢4次'),('xs00206','kh00097','xm003','yg001',7,10000,0,0,10000,4000,'2018-05-27','续卡6次'),('xs00207','kh00097','xm003','yg001',6,10000,0,0,10000,4000,'2019-07-18','扫黄代谢黑眼圈一起做，送两次表皮斑'),('xs00208','kh00098','xm008','yg002',3,5000,0,0,5000,2000,'2019-06-20','包干净，赠送面部痣4颗，少量油脂，黑头，疣售后包2年至2021年底'),('xs00209','kh00099','xm025','yg002',6,5000,0,0,5000,2000,'2019-06-20','店老板打版价，成本价，其中晒斑3次，代谢3次，水雕3次'),('xs00210','kh00100','xm004','yg002',6,19800,0,0,19800,7920,'2019-05-30','表皮斑+老年斑，按疗程做，无效果退款'),('xs00211','kh00100','xm014','yg002',6,10000,0,0,10000,4000,'2019-05-30','代谢+至尊水雕，按疗程做，无效果退款'),('xs00212','kh00100','xm031','yg002',2,580,0,0,580,200,'2019-05-30','代谢+至尊水雕，580体验卡是赠送的吗'),('xs00213','kh00101','xm011','yg002',6,9900,0,0,3000,1200,'2019-06-25','无针水雕，开卡是9900还是3000，待确认'),('xs00214','kh00101','xm031','yg002',2,580,0,0,580,232,'2019-06-25','代谢+水雕各1次？跟680卡有啥区别，待确认'),('xs00215','kh00102','xm001','yg002',6,15800,0,0,15800,6320,'2019-05-30','按疗程做，无效果全额退款，袁愿申请优惠3000元'),('xs00216','kh00102','xm003','yg002',6,10000,0,0,10000,4000,'2019-05-30','按疗程做，无效果全额退款，袁愿申请优惠3000元'),('xs00217','kh00102','xm014','yg002',6,10000,0,0,10000,4000,'2019-05-30','按疗程做，无效果全额退款，袁愿申请优惠3000元'),('xs00218','kh00102','xm031','yg002',1,0,0,0,0,0,'2019-05-30','店家赠送380体验卡？到底是580还是380，怎么都包括代谢和至尊水雕，待确认'),('xs00219','kh00103','xm023','yg002',6,9000,0,0,9000,3600,'2019-05-30',''),('xs00220','kh00104','xm023','yg002',6,10000,0,0,5000,2000,'2019-06-20','晒斑少量包干净，8月21预付5000，余款下次付清，所以6月份没有付吗，待确认'),('xs00221','kh00104','xm014','yg002',6,10000,0,0,0,0,'2019-06-20','代谢+水光-至尊水雕？，8月21预付5000，余款下次付清，所以6月份没有付吗，待确认'),('xs00222','kh00104','xm031','yg002',2,580,0,0,0,0,'2019-06-20','绝代双骄体验卡，代谢水光各1次，有没有收款，待确认'),('xs00223','kh00104','xm003','yg002',6,10000,0,0,0,0,'2019-06-20','代谢+水光-至尊水雕？，8月21预付5000，余款下次付清，所以6月份没有付吗，待确认'),('xs00224','kh00105','xm015','yg002',3,5000,0,0,5000,2000,'2019-08-21','全脸扫黄，T区加强，赠送鼻梁痣1颗，脖子痣1颗'),('xs00225','kh00105','xm014','yg002',6,10000,0,0,10000,4000,'2019-08-21','至尊水雕'),('xs00226','kh00105','xm031','yg002',2,580,0,0,580,232,'2019-08-21','580卡回款多少，待确认'),('xs00227','kh00097','xm001','yg001',2,0,0,0,0,0,'2019-07-18','扫黄代谢黑眼圈一起做，送两次表皮斑'),('xs00228','kh00033','xm018','yg001',3,8980,0,0,1000,0,'2019-07-17','付钱给了店家，未回款给悦和，效果好会决定续约'),('xs00229','kh00035','xm008','yg001',3,7960,0,0,7960,3582,'2019-08-16','老年斑+2颗老年疣，包干净'),('xs00230','kh00034','xm032','yg001',1,0,0,0,0,0,'2019-08-16','1次扫黄赠送，店里活动'),('xs00231','kh00106','xm001','yg001',6,18000,0,0,8000,3600,'2019-07-17','7月付8000,9月会付1万，赠送1次黄气，1次代谢，眼周色素痣，380卡黄气1次'),('xs00232','kh00106','xm024','yg001',2,0,0,0,0,0,'2019-07-17','7月付8000,9月会付1万，赠送1次黄气，1次代谢，眼周色素痣，380卡黄气1次'),('xs00233','kh00106','xm032','yg001',1,0,0,0,0,0,'2019-07-17','7月付8000,9月会付1万，赠送1次黄气，1次代谢，眼周色素痣，380卡黄气1次'),('xs00234','kh00107','xm025','yg001',6,19800,0,0,3800,1710,'2019-08-16','特价，原价29800'),('xs00235','kh00107','xm024','yg001',2,680,0,0,680,290,'2019-08-16','（680-100)/2 =290, 680项目升级色素管控'),('xs00236','kh00108','xm001','yg001',5,16800,0,0,16800,6720,'2016-09-26','表皮斑（全脸黄气真皮）加体验1次'),('xs00237','kh00108','xm006','yg001',3,15000,0,0,15000,6000,'2016-08-27','水光加强型'),('xs00238','kh00109','xm006','yg001',4,26992,0,0,26992,10797,'2016-08-28','水光'),('xs00239','kh00110','xm042','yg001',2,44000,0,0,44000,17600,'2016-08-28',''),('xs00240','kh00111','xm006','yg001',2,10508,0,0,10508,4203,'2016-12-22',''),('xs00241','kh00111','xm010','yg001',1,1492,0,0,1492,597,'2016-12-22','三盒面膜'),('xs00242','kh00112','xm006','yg001',3,15000,0,0,15000,6000,'2016-08-27',''),('xs00243','kh00112','xm010','yg001',1,498,0,0,498,199,'2016-11-10',''),('xs00244','kh00113','xm040','yg001',4,19800,0,0,19800,7920,'2016-10-16',''),('xs00245','kh00113','xm041','yg001',12,120000,0,0,120000,48000,'2016-12-22','光美肤全年计划，颈部收，全身，此客户经常不来，剩很多消耗，也不会退款'),('xs00246','kh00113','xm042','yg001',4,0,0,0,0,0,'2016-04-26','在鼎程时期开的卡，业绩不在悦和，但是服务由悦和，此客户经常不来，剩很多消耗，也不会退款'),('xs00247','kh00113','xm006','yg001',4,0,0,0,0,0,'2016-04-26','在鼎程时期开的卡，业绩不在悦和，但是服务由悦和，此客户经常不来，剩很多消耗，也不会退款'),('xs00248','kh00114','xm004','yg001',5,29800,0,0,29800,11920,'2016-09-26','黄褐斑+老年斑+黄气，加体验1次'),('xs00249','kh00115','xm004','yg001',6,19800,0,0,19800,7920,'2018-11-20','送2次代谢'),('xs00250','kh00115','xm027','yg001',2,0,0,0,0,0,'2018-11-20','送2次代谢'),('xs00251','kh00116','xm015','yg001',8,20000,0,0,20000,8000,'2017-12-29','送4次表皮斑另外开卡'),('xs00252','kh00116','xm001','yg001',4,9800,0,0,9800,3920,'2017-12-29','送4次表皮斑另外开卡'),('xs00253','kh00116','xm008','yg001',3,8800,0,0,8800,3520,'2018-11-21','扁平疣包2年'),('xs00254','kh00116','xm006','yg001',1,0,0,0,0,0,'2018-11-21','赠送的水动力？待确认'),('xs00255','kh00117','xm018','yg001',6,19800,0,0,19800,7920,'2018-03-26','送1次代谢'),('xs00256','kh00117','xm008','yg001',1,200,0,0,200,80,'2018-03-26',''),('xs00257','kh00117','xm027','yg001',1,0,0,0,0,0,'2018-03-26','赠送代谢'),('xs00258','kh00118','xm015','yg001',5,9800,0,0,9800,3920,'2017-12-20','特惠卡，赠送体验2次，共5次'),('xs00259','kh00119','xm015','yg001',3,9800,0,0,9800,3920,'2017-12-18','送1次代谢'),('xs00260','kh00119','xm010','yg001',1,980,0,0,980,392,'2017-12-18','2盒面膜'),('xs00261','kh00120','xm019','yg001',6,6000,0,0,6000,2400,'2017-12-22','建议做水雕'),('xs00262','kh00006','xm002','yg001',13,29800,0,0,29800,11920,'2017-04-06','真皮斑+黑眼圈+黄气 各6次49800，中间可能是售后一次或是赠送真皮斑7次售后?，看操作记录，待确认'),('xs00263','kh00006','xm040','yg001',7,10000,0,0,10000,4000,'2017-04-06','真皮斑+黑眼圈+黄气 各6次49800，各赠送1次？'),('xs00264','kh00006','xm015','yg001',7,10000,0,0,10000,4000,'2017-04-06','真皮斑+黑眼圈+黄气 各6次49800'),('xs00265','kh00006','xm003','yg001',7,9900,0,0,9900,3960,'2018-04-17','全脸循环代谢，赠送1次代谢-陈康健'),('xs00266','kh00006','xm025','yg001',12,20000,0,0,20000,8000,'2019-05-22','水光在自家医院做的'),('xs00267','kh00005','xm004','yg001',4,35000,0,0,25000,10000,'2017-03-04','真皮斑+黑眼圈'),('xs00268','kh00005','xm002','yg001',6,19800,0,0,19800,7920,'2018-05-16','真皮斑+汗管瘤包1年，送2次代谢，收费情况，次数，待确认'),('xs00269','kh00005','xm016','yg001',6,10000,0,0,10000,4000,'2018-05-16','真皮斑+汗管瘤包1年，送2次代谢，收费情况，次数，待确认'),('xs00270','kh00003','xm015','yg001',5,10000,0,0,10000,4000,'2016-10-25','黄气'),('xs00272','kh00003','xm041','yg001',11,27000,0,0,27000,10800,'2017-08-18','斑+黑眼圈+黄气，送1次体验'),('xs00273','kh00003','xm003','yg001',8,10000,0,0,10000,4000,'2018-04-20','代谢'),('xs00274','kh00003','xm008','yg001',1,1000,0,0,1000,400,'2018-04-20','极少量'),('xs00275','kh00003','xm006','yg001',5,0,0,0,0,0,'2018-05-22','到5月22剩余的5次斑和5次代谢换成5次水光，耗卡的时候需扣这三张卡各1次'),('xs00276','kh00003','xm043','yg001',3,10000,0,0,10000,4000,'2018-05-22','2次眼部干细胞，赠送1次体验'),('xs00277','kh00003','xm004','yg001',12,29800,0,0,29800,11920,'2018-05-22','12次面部混合斑'),('xs00278','kh00001','xm008','yg003',3,16400,0,0,14500,5800,'2019-03-07','全身扁平疣（赠送扫黄5次16400），包干，延1年，抵用券3000，原价29400，19年3月7号付款14500，下月付尾款11900'),('xs00279','kh00001','xm015','yg003',5,10000,0,0,0,0,'2019-03-07','全身扁平疣（赠送扫黄5次10000），包干，延1年，抵用券3000，原价29400'),('xs00280','kh00001','xm014','yg003',11,19800,0,0,15000,6000,'2019-05-25','680卡是赠送的吗，还是额外收费，待确认，送1次体验'),('xs00281','kh00001','xm024','yg003',2,680,0,0,0,0,'2019-05-25','680卡是赠送的吗，还是额外收费，待确认，送1次体验');
/*!40000 ALTER TABLE `sale` ENABLE KEYS */;
UNLOCK TABLES;

--
-- Table structure for table `sale_card_amount_adjust`
--

DROP TABLE IF EXISTS `sale_card_amount_adjust`;
/*!40101 SET @saved_cs_client     = @@character_set_client */;
 SET character_set_client = utf8mb4 ;
CREATE TABLE `sale_card_amount_adjust` (
  `id` bigint(20) NOT NULL,
  `sale_id` varchar(7) DEFAULT NULL,
  `adjust_action` varchar(45) DEFAULT '补尾款或者退款',
  `adjust_amount` bigint(20) DEFAULT NULL,
  `adjust_date` varchar(45) DEFAULT NULL,
  `description` varchar(45) DEFAULT NULL,
  PRIMARY KEY (`id`),
  KEY `FKaucru9l8n2pbop90rlx0evs2x` (`sale_id`),
  CONSTRAINT `FKaucru9l8n2pbop90rlx0evs2x` FOREIGN KEY (`sale_id`) REFERENCES `sale` (`id`)
) ENGINE=InnoDB DEFAULT CHARSET=utf8mb4 COLLATE=utf8mb4_0900_ai_ci COMMENT='销售卡的金额调整表，补尾款或者退款的活动';
/*!40101 SET character_set_client = @saved_cs_client */;

--
-- Dumping data for table `sale_card_amount_adjust`
--

LOCK TABLES `sale_card_amount_adjust` WRITE;
/*!40000 ALTER TABLE `sale_card_amount_adjust` DISABLE KEYS */;
INSERT INTO `sale_card_amount_adjust` VALUES (12,'xs00080','add',10000,'08/25/2019','补齐尾款'),(16,'xs00071','return',10000,'07/29/2019','汗管瘤的销户卡退掉，需要清零开卡金额，以免影响计算业绩，同时清零回款金额'),(19,'xs00178','add',4000,'05/01/2017','补表皮斑尾款4000，还欠5000'),(20,'xs00179','add',3800,'05/01/2017','补齐代谢尾款'),(21,'xs00178','add',5000,'07/01/2017','补齐尾款'),(22,'xs00195','add',18800,'08/29/2019','补齐尾款'),(23,'xs00220','add',5000,'08/21/2019','预付5000，剩余下次付清'),(24,'xs00267','add',3000,'04/15/2017','补尾款3000'),(25,'xs00267','add',19000,'05/15/2017','补尾款19000，还差10000'),(26,'xs00280','add',5000,'06/15/2019','补尾款5000，还欠4800');
/*!40000 ALTER TABLE `sale_card_amount_adjust` ENABLE KEYS */;
UNLOCK TABLES;

--
-- Table structure for table `tool`
--

DROP TABLE IF EXISTS `tool`;
/*!40101 SET @saved_cs_client     = @@character_set_client */;
 SET character_set_client = utf8mb4 ;
CREATE TABLE `tool` (
  `id` varchar(5) NOT NULL,
  `name` varchar(20) DEFAULT NULL,
  `major` varchar(50) DEFAULT NULL,
  `price` int(11) DEFAULT NULL,
  `buy_date` varchar(11) DEFAULT NULL,
  `buy_from` varchar(20) DEFAULT NULL,
  `operate_expense` int(11) DEFAULT NULL,
  `description` varchar(100) DEFAULT NULL,
  PRIMARY KEY (`id`),
  UNIQUE KEY `id_UNIQUE` (`id`)
) ENGINE=InnoDB DEFAULT CHARSET=utf8mb4 COLLATE=utf8mb4_0900_ai_ci COMMENT='仪器表';
/*!40101 SET character_set_client = @saved_cs_client */;

--
-- Dumping data for table `tool`
--

LOCK TABLES `tool` WRITE;
/*!40000 ALTER TABLE `tool` DISABLE KEYS */;
INSERT INTO `tool` VALUES ('gj001','C6','表皮斑，真皮斑',300000,'2017-01-01','广州某厂家',30,'操作费现在不计算，但以后有可能会，之前操作一次30'),('gj002','皮秒','各种皮肤斑',200000,'2016-12-01','广州某厂家',30,'操作费现在不计算，但以后有可能会，之前操作一次30'),('gj003','超声刀','紧凑皮肤',50000,'2016-12-01','广州某厂家',0,'操作费现在不计算，但以后有可能会，之前操作一次50'),('gj004','水光针','皮肤补水',20000,'2016-12-01','广州某厂家',0,'操作费现在不计算，但以后有可能会，之前操作一次30'),('gj005','二氧化碳仪','疣，痣',10000,'2016-12-01','广州某厂家',0,'操作费现在不计算，但以后有可能会，之前操作一次30'),('gj006','耗材销售','补水',200,'2017-04-12','广州',0,'这算是耗材'),('gj007','射频','代谢 修复',8000,'2018-03-02','广州',0,'代谢 修复'),('gj008','水雕仪','补水营养代谢',10000,'2018-08-02','广州',0,'补水营养代谢'),('gj009','C10','表皮斑，真皮斑',200000,'2016-08-08','广州',0,'之前的仪器，现已换成皮秒');
/*!40000 ALTER TABLE `tool` ENABLE KEYS */;
UNLOCK TABLES;

--
-- Table structure for table `user`
--

DROP TABLE IF EXISTS `user`;
/*!40101 SET @saved_cs_client     = @@character_set_client */;
 SET character_set_client = utf8mb4 ;
CREATE TABLE `user` (
  `id` varchar(5) NOT NULL,
  `username` varchar(45) DEFAULT NULL,
  `password` varchar(100) DEFAULT NULL,
  `role` varchar(45) DEFAULT NULL,
  PRIMARY KEY (`id`),
  UNIQUE KEY `id_UNIQUE` (`id`)
) ENGINE=InnoDB DEFAULT CHARSET=utf8mb4 COLLATE=utf8mb4_0900_ai_ci;
/*!40101 SET character_set_client = @saved_cs_client */;

--
-- Dumping data for table `user`
--

LOCK TABLES `user` WRITE;
/*!40000 ALTER TABLE `user` DISABLE KEYS */;
INSERT INTO `user` VALUES ('yh001','admin','$2a$10$wQa7Ndvc/DJ5a5eXZ5iuNOOKWWf.W5CStdLAvRzDjk7mYeXrRyy36','ROLE_ADMIN'),('yh002','soveran','$2a$10$C/J5InYN8R.QzM7bxk9y2.73P5NPVwo0T3UlvCz5OcnojKbWbP24C','ROLE_ADMIN'),('yh003','yuehe','$2a$10$KthHNTDNFRHpwSkT9BaKbOxSTfCDqe52MSil2rFQtxq5cwWeXPH8e','ROLE_USER'),('yh004','yuangu','$2a$10$1Vxlsn6P2eH./hB7tp1fau1UMvNh.U6xKkoXLEyNxTMW8AG03aOAi','ROLE_USER');
/*!40000 ALTER TABLE `user` ENABLE KEYS */;
UNLOCK TABLES;
/*!40103 SET TIME_ZONE=@OLD_TIME_ZONE */;

/*!40101 SET SQL_MODE=@OLD_SQL_MODE */;
/*!40014 SET FOREIGN_KEY_CHECKS=@OLD_FOREIGN_KEY_CHECKS */;
/*!40014 SET UNIQUE_CHECKS=@OLD_UNIQUE_CHECKS */;
/*!40101 SET CHARACTER_SET_CLIENT=@OLD_CHARACTER_SET_CLIENT */;
/*!40101 SET CHARACTER_SET_RESULTS=@OLD_CHARACTER_SET_RESULTS */;
/*!40101 SET COLLATION_CONNECTION=@OLD_COLLATION_CONNECTION */;
/*!40111 SET SQL_NOTES=@OLD_SQL_NOTES */;

-- Dump completed on 2019-09-07 23:37:54
